Internship,Soft Skills,Programming,Operating Systems,Databases,Cyber Security,CGPA,HistoryofBacklog,PlacedOrNot
1,69,40,73,45,50,8,0,1
0,48,56,70,39,35,7,0,1
1,40,65,48,71,60,6,0,1
0,39,72,64,35,41,8,0,1
0,74,58,64,36,41,8,0,1
0,44,38,56,71,58,6,0,0
0,67,72,32,68,48,7,0,0
1,60,56,44,41,74,7,0,0
2,57,62,49,34,38,6,0,1
1,58,34,63,55,64,6,0,0
1,49,36,42,48,61,7,0,0
1,63,68,59,38,70,8,0,1
2,60,42,62,70,61,6,0,0
1,70,41,39,38,72,8,0,1
2,41,69,47,37,49,8,0,1
0,56,31,69,61,46,8,0,1
1,48,57,52,37,37,7,0,0
0,62,43,45,74,52,6,0,0
1,57,42,30,41,32,7,0,0
1,50,70,73,73,34,7,0,0
0,56,30,69,41,54,8,1,1
1,60,56,59,51,47,6,0,0
0,56,70,44,74,46,7,0,0
1,39,40,41,54,38,7,0,0
0,74,34,66,33,46,7,0,0
0,33,59,72,55,66,8,0,1
1,62,40,75,75,44,8,0,1
1,46,32,71,38,36,8,0,1
1,51,47,51,61,71,8,0,1
0,61,51,37,72,74,6,0,1
1,68,51,62,71,55,8,0,1
1,50,45,73,51,58,7,0,1
1,70,54,49,54,54,7,0,0
0,41,36,49,35,65,7,0,0
1,52,61,41,41,54,6,0,1
1,35,43,59,54,48,6,0,0
0,35,45,40,35,38,7,0,1
1,37,61,44,56,36,8,0,1
1,39,57,66,52,59,6,0,0
0,35,60,42,49,70,8,0,1
1,53,45,58,66,61,6,0,0
0,42,41,45,67,52,8,0,1
1,71,62,71,66,41,7,0,1
1,41,69,69,73,41,7,0,1
2,47,61,32,58,69,8,1,1
3,30,31,68,73,65,6,0,1
1,66,57,63,63,51,8,0,1
1,63,51,47,59,72,7,0,1
2,64,54,37,52,43,7,0,1
0,65,63,67,48,38,7,0,0
0,63,32,68,69,43,8,0,1
1,73,38,60,55,63,8,0,1
1,73,38,67,56,53,8,0,1
3,50,37,55,32,48,6,0,0
3,66,51,47,73,39,6,0,1
1,33,74,74,50,30,7,1,1
0,47,49,38,65,41,8,0,1
0,48,59,50,65,70,8,0,1
0,33,53,72,64,58,8,0,1
1,44,64,59,68,40,8,0,1
2,68,69,36,53,61,9,1,1
0,49,48,65,72,40,8,0,1
0,68,31,57,37,57,8,0,1
0,73,43,74,66,39,9,0,1
1,51,58,63,68,30,8,0,1
0,54,60,34,74,62,9,0,1
1,38,67,48,70,61,9,0,1
0,53,55,36,41,39,8,0,1
2,43,41,47,64,30,9,0,1
0,68,65,58,44,55,8,0,1
1,69,37,64,31,68,8,0,1
0,36,46,70,31,55,9,0,1
3,60,48,43,68,69,9,0,1
0,66,74,33,51,54,8,0,1
1,55,47,50,74,41,9,1,1
0,61,63,68,58,40,8,0,1
0,45,70,52,47,56,9,0,1
0,44,51,43,35,59,8,0,1
0,41,36,41,45,63,8,0,1
1,52,36,44,58,46,8,0,1
0,44,31,54,40,40,9,0,1
1,39,58,59,73,37,9,1,1
0,58,47,39,52,34,8,0,1
0,58,31,67,54,44,8,0,1
0,69,68,56,58,44,8,0,1
2,67,47,62,47,35,7,0,1
0,73,61,72,33,65,8,0,1
0,61,68,55,58,75,6,0,0
1,37,60,63,54,33,6,0,0
1,40,44,44,61,72,7,0,0
1,61,58,59,30,54,8,0,1
1,41,65,67,44,58,6,0,1
1,40,57,46,58,33,6,0,1
2,39,30,48,36,57,7,0,0
0,68,69,38,72,57,6,0,0
1,68,45,47,72,52,8,0,1
2,50,43,63,52,32,7,0,0
0,63,64,49,34,35,8,0,1
0,48,66,49,62,73,7,0,0
0,43,45,53,49,62,7,0,0
0,64,73,75,72,52,7,0,1
0,41,64,44,34,58,6,0,1
1,38,50,73,55,60,5,1,0
2,30,50,43,65,31,6,0,1
0,39,50,32,67,40,5,0,0
1,48,57,60,53,36,6,0,0
0,33,41,43,65,35,6,0,1
1,57,47,46,55,65,7,0,1
1,70,69,34,49,41,7,0,1
1,71,46,33,34,56,7,0,1
1,55,49,58,73,53,6,0,1
1,62,33,74,66,59,6,0,1
0,43,42,69,34,46,7,0,0
1,60,38,31,34,73,6,0,0
0,47,67,38,62,53,6,0,1
0,50,46,74,40,47,6,0,0
1,52,40,42,59,41,7,0,1
1,42,73,36,41,49,7,0,1
3,44,39,35,71,61,5,1,1
0,75,61,60,47,66,6,0,1
2,58,70,45,31,57,6,0,1
1,48,58,63,40,48,7,0,0
1,54,57,38,56,73,5,0,1
1,52,57,59,58,52,7,0,1
2,69,40,35,56,44,7,0,1
1,56,50,31,57,62,5,0,0
1,62,46,47,67,57,7,0,0
2,66,74,51,47,50,7,0,1
0,50,31,46,36,71,5,0,0
1,72,59,73,75,62,7,0,1
0,63,66,69,67,34,6,0,1
0,34,69,73,54,30,6,0,0
1,68,57,64,70,48,7,0,0
1,63,73,45,39,35,6,0,1
1,36,41,64,37,63,6,0,1
0,42,55,55,68,40,6,0,1
0,35,73,44,68,69,6,0,1
0,68,33,40,56,33,5,1,1
0,45,53,32,35,61,5,0,0
0,58,40,43,62,73,5,0,0
1,41,69,56,75,71,5,0,1
0,70,55,54,33,74,7,0,1
3,46,62,40,36,64,7,0,1
2,55,35,67,36,61,5,0,1
2,44,48,71,35,49,5,1,1
0,67,52,44,34,44,7,0,1
1,58,48,30,33,41,6,0,1
0,59,60,63,47,68,5,0,0
0,40,55,64,50,74,6,0,0
1,72,43,45,30,75,7,0,1
0,55,71,62,35,51,5,0,0
0,53,58,43,64,60,5,1,0
1,65,30,58,72,52,5,0,1
2,34,58,67,42,63,6,0,0
0,35,46,66,31,34,7,0,1
2,50,72,56,71,60,6,0,1
0,56,31,60,58,42,5,1,0
2,33,70,67,74,65,6,0,1
1,65,36,67,37,54,6,0,0
0,71,73,60,72,39,7,0,1
0,61,35,50,71,38,7,0,1
0,45,75,49,44,35,5,1,0
1,30,38,30,38,58,5,1,0
1,48,57,37,59,44,6,0,1
3,59,59,71,65,39,6,0,1
0,59,40,57,59,47,6,0,1
0,54,69,52,44,38,5,0,0
1,34,43,41,67,39,6,0,0
1,52,58,40,58,49,5,1,0
1,50,49,42,66,44,5,0,0
1,37,33,38,69,46,6,0,1
2,58,38,39,70,47,5,0,0
1,30,49,69,66,66,6,0,1
0,71,30,75,73,41,6,0,0
0,68,53,33,50,56,7,0,0
0,51,73,35,75,31,7,0,1
0,50,65,32,60,69,7,0,1
1,35,48,62,34,45,7,0,0
1,59,38,36,38,53,6,0,1
1,43,43,49,35,72,5,0,0
1,31,63,48,40,46,6,0,0
2,68,41,44,54,57,6,0,1
1,39,50,55,68,72,6,0,0
0,67,74,53,44,71,5,1,0
2,73,33,42,34,59,5,1,0
1,65,50,49,42,63,7,0,0
1,59,57,69,67,47,7,0,0
1,32,59,59,74,69,6,0,0
1,58,33,38,35,53,5,0,0
0,75,53,51,48,60,6,0,0
0,56,57,39,58,43,5,0,0
0,71,61,44,52,53,5,0,0
0,59,35,64,47,72,7,0,0
0,66,40,72,39,72,5,1,0
0,74,67,45,44,30,5,0,0
1,67,32,66,60,51,5,1,0
2,67,50,48,53,65,6,0,0
1,73,70,67,57,47,5,0,0
2,35,50,31,50,68,7,0,0
0,58,43,75,41,67,8,0,1
2,62,72,43,72,30,7,0,1
1,60,74,40,55,30,6,0,0
2,54,72,41,58,56,6,0,1
1,31,59,62,51,46,7,0,0
1,62,57,40,43,34,7,0,0
0,72,70,30,58,62,8,0,1
0,70,35,30,71,34,8,0,1
1,70,41,30,62,63,6,0,0
0,71,46,46,66,62,7,0,0
0,53,55,60,35,68,8,0,1
2,48,36,32,74,32,8,0,1
1,58,52,75,57,74,7,0,0
0,56,45,39,70,34,6,0,0
1,67,52,65,49,72,8,0,1
1,32,37,75,37,67,7,0,1
1,37,42,64,54,61,6,0,0
3,39,49,32,61,75,6,0,1
1,30,37,75,71,71,7,0,0
1,44,50,51,69,41,7,0,0
2,57,58,48,34,49,6,0,0
1,33,53,47,66,42,8,0,1
2,55,54,43,46,46,8,0,1
1,33,67,63,33,71,6,0,0
0,53,40,56,54,42,7,0,0
0,33,64,42,63,30,6,0,0
0,47,35,65,31,57,6,0,0
1,44,69,45,40,46,7,0,0
2,31,36,40,53,54,7,0,1
1,39,62,34,69,37,6,0,0
0,44,47,30,33,69,6,0,0
1,46,53,64,69,42,8,0,1
1,71,59,49,73,74,8,0,1
0,38,39,43,45,75,8,0,1
1,68,39,53,64,36,7,0,0
0,39,51,56,34,63,8,0,1
1,49,37,65,54,59,8,0,1
1,73,63,55,49,59,7,0,0
2,61,51,54,60,69,7,0,1
1,56,61,75,32,39,8,0,1
1,31,72,51,51,33,6,0,0
1,41,73,75,31,43,7,0,0
0,50,32,57,30,56,6,0,0
2,63,57,66,50,65,8,0,1
0,62,40,58,74,45,7,0,0
1,32,73,53,42,39,6,0,0
2,73,71,40,61,36,6,0,1
1,68,55,32,41,60,7,0,0
0,46,52,30,53,68,7,0,0
1,75,64,37,32,35,6,0,0
0,73,47,37,60,43,8,0,1
3,60,63,68,46,35,8,0,1
0,44,70,62,53,42,8,0,1
0,42,48,69,54,75,6,0,0
1,36,58,36,48,52,7,0,0
1,56,42,56,47,68,8,0,1
1,50,42,73,69,35,8,0,1
1,46,37,49,66,68,8,0,1
2,69,71,42,53,67,6,0,1
1,48,30,68,30,58,6,0,0
0,63,52,66,72,30,8,0,1
1,55,50,34,64,50,7,0,0
1,38,54,40,53,38,8,0,1
1,56,39,52,53,73,7,0,1
0,61,43,56,53,42,8,0,1
0,34,75,62,62,74,6,0,0
1,67,67,48,63,70,6,0,0
1,37,50,74,38,69,8,0,1
1,62,48,30,52,45,8,0,1
1,75,67,56,62,34,7,0,0
2,51,42,30,68,37,6,0,1
0,41,67,57,70,40,6,0,0
1,67,46,53,63,39,7,0,0
0,60,53,45,51,33,6,0,0
0,52,56,51,33,58,8,0,1
1,64,33,41,73,70,7,0,0
0,34,52,61,55,45,6,0,0
0,47,53,49,71,62,7,0,0
1,53,56,48,68,53,7,0,0
1,40,59,41,33,63,7,0,0
0,45,51,46,57,51,6,0,1
2,52,55,51,72,35,7,0,1
1,66,33,37,63,31,8,0,1
0,38,37,57,46,71,6,0,1
0,44,37,38,56,65,7,0,1
0,73,75,64,49,38,8,0,1
1,34,70,54,46,45,6,0,1
2,69,50,35,36,52,6,0,0
0,56,37,46,50,72,8,0,1
0,72,38,71,42,61,7,0,0
0,47,73,34,42,65,7,0,0
0,51,42,42,56,57,7,0,0
1,41,60,41,67,57,6,0,0
2,56,59,70,65,65,6,0,0
0,65,45,75,53,33,7,0,1
0,73,43,42,60,60,8,0,1
0,46,56,70,70,75,8,0,1
2,65,40,37,32,57,6,0,1
2,57,68,64,58,66,7,0,1
1,60,54,31,30,42,7,0,1
2,43,54,34,34,52,7,0,1
0,46,34,35,68,36,6,0,0
1,40,58,47,52,56,6,0,1
0,53,38,32,61,52,7,0,0
0,42,34,47,70,57,7,0,1
1,53,69,40,70,49,8,0,1
0,68,70,65,36,33,6,0,0
2,46,61,60,46,32,8,0,1
0,31,50,37,49,43,6,0,1
1,63,35,43,50,30,6,0,1
0,45,65,62,51,31,8,0,1
1,41,59,49,36,33,7,0,1
2,68,52,52,67,68,7,0,1
1,31,73,51,74,52,8,0,1
0,42,49,56,36,36,6,0,1
0,53,34,66,37,70,6,0,1
0,35,70,72,67,42,7,0,0
0,46,30,37,59,38,6,0,1
1,73,49,58,68,63,8,0,1
0,59,36,53,39,70,6,0,0
1,30,44,63,58,67,6,0,1
0,53,43,48,55,66,8,0,1
0,57,60,59,55,65,7,0,1
2,52,75,65,40,31,8,0,1
0,63,56,53,46,66,8,0,1
1,61,40,34,34,47,6,0,0
0,39,69,60,71,55,8,0,1
1,34,31,33,49,67,8,0,1
0,40,41,39,37,60,6,0,0
1,43,37,59,63,50,6,0,0
0,68,47,70,43,37,8,0,1
1,60,63,59,53,65,6,0,0
0,72,66,30,66,59,6,0,1
0,40,42,54,30,66,7,0,0
0,48,44,31,66,62,8,0,1
0,63,69,35,73,68,8,0,1
0,62,59,39,73,61,7,0,0
0,49,58,34,43,64,8,0,1
1,42,59,31,71,41,6,0,0
2,33,47,42,33,67,7,0,1
0,32,73,62,66,31,7,0,0
1,37,31,50,56,68,7,0,1
0,66,60,33,49,43,8,0,1
0,52,44,58,53,57,8,0,1
1,64,38,48,48,45,8,0,1
1,44,54,58,66,34,6,0,1
0,72,31,37,55,72,8,0,1
0,57,31,62,75,57,6,0,1
1,32,49,49,46,44,8,0,1
0,58,46,31,72,64,7,0,0
1,34,53,45,59,62,8,0,1
1,51,44,75,41,41,7,0,1
1,54,58,64,39,52,6,0,0
0,44,69,54,39,70,7,0,1
0,75,65,32,74,58,8,0,1
0,62,67,31,61,68,6,0,1
0,61,60,63,30,50,6,0,0
2,42,54,56,40,46,8,0,1
0,30,41,64,56,62,8,0,1
1,51,75,56,34,35,7,0,0
0,65,34,47,66,37,7,0,1
0,33,75,33,39,54,7,0,0
1,47,68,60,67,52,8,0,1
0,47,32,49,51,51,8,0,1
0,37,52,63,75,61,8,0,1
1,33,30,47,36,73,7,0,0
0,74,43,39,60,73,7,0,0
1,39,60,63,58,43,6,0,0
0,75,56,74,60,59,8,0,1
0,34,60,57,43,65,6,0,0
0,73,40,49,70,40,6,0,0
2,41,36,59,36,37,8,0,1
1,74,74,70,69,41,7,0,0
0,69,41,52,68,65,6,0,0
0,59,50,43,46,50,6,0,0
1,48,42,61,48,68,6,0,0
0,68,55,36,50,73,7,0,0
0,61,66,63,58,68,8,0,1
0,44,37,66,42,57,6,0,0
1,49,38,72,42,73,6,0,0
0,49,68,46,42,49,7,0,0
0,75,40,49,61,68,7,0,0
0,65,45,58,57,51,8,0,1
0,67,73,63,49,45,6,0,0
1,37,75,46,56,47,6,0,0
1,53,36,48,47,59,6,0,0
0,45,59,48,67,38,6,0,0
1,39,65,54,67,36,8,0,1
1,62,56,45,65,39,6,0,0
0,42,58,36,58,39,7,0,0
0,51,38,74,47,73,7,0,0
0,38,49,42,58,68,6,0,0
0,30,72,35,31,70,8,0,1
0,37,54,63,37,75,8,0,1
1,36,45,70,42,47,6,0,0
0,54,30,48,31,40,6,0,0
1,68,32,38,67,45,8,0,1
1,32,49,59,39,47,8,0,1
2,64,59,74,34,69,8,0,1
2,43,47,52,57,39,7,0,1
0,48,72,75,48,34,6,0,0
0,33,67,37,44,47,6,0,0
1,48,70,69,49,64,6,0,0
1,64,62,37,38,55,6,0,0
1,38,58,53,48,58,5,0,0
0,70,45,41,31,37,6,0,0
1,49,51,38,61,70,5,1,0
1,30,37,65,60,51,5,0,0
2,63,72,72,48,62,6,0,1
2,65,40,39,63,30,5,0,0
0,66,56,41,49,33,5,1,0
0,31,60,47,33,36,5,0,0
2,32,59,57,39,42,7,0,0
0,65,69,72,57,32,7,0,0
1,59,63,50,41,48,6,0,0
1,31,69,62,75,64,6,0,0
0,43,60,46,67,43,6,0,0
2,68,70,56,37,72,6,0,1
0,68,39,55,33,55,6,0,0
0,46,59,72,53,60,6,0,0
0,73,33,41,67,70,7,0,0
0,71,34,60,49,36,6,0,0
2,75,39,31,63,41,6,0,0
1,66,69,32,40,49,6,0,0
1,75,62,46,56,64,7,0,0
0,50,64,71,74,39,8,0,1
3,41,66,52,63,50,7,0,1
0,31,63,68,55,39,8,0,1
0,32,56,49,60,55,6,0,0
0,43,71,61,45,69,8,0,1
0,49,59,68,56,46,7,0,0
1,58,65,65,59,39,6,0,0
1,54,58,50,62,69,8,0,1
0,44,58,58,47,54,8,0,1
1,67,41,42,68,52,6,0,0
1,55,62,34,44,31,6,0,0
0,61,60,34,60,64,6,0,0
0,68,35,50,32,69,7,0,0
1,48,30,58,30,44,8,0,1
0,38,62,34,32,56,8,0,1
0,44,69,68,36,62,7,0,0
0,75,45,69,35,75,6,0,0
1,73,41,44,72,66,6,0,0
1,52,57,70,52,70,8,0,1
0,42,63,62,34,43,7,0,0
0,69,43,36,47,70,7,0,0
1,66,43,56,73,46,8,0,1
0,75,70,55,49,57,8,0,1
0,35,44,49,34,40,6,0,0
0,62,60,39,41,45,8,0,1
2,69,39,74,47,35,7,0,1
2,44,32,72,55,65,6,0,1
1,38,60,58,57,67,8,0,1
0,44,55,63,37,42,6,0,1
0,32,71,38,61,52,8,0,1
1,34,52,71,35,39,6,0,0
1,32,67,61,36,52,7,0,0
0,32,73,48,75,44,8,0,1
0,51,66,41,37,61,6,0,0
0,51,44,38,42,41,6,0,1
0,47,61,30,57,34,7,0,0
1,41,43,38,70,43,6,0,0
0,53,51,46,45,56,7,0,1
0,73,36,38,74,70,7,0,1
0,75,41,71,32,33,8,0,1
1,46,69,57,49,45,6,0,0
0,41,37,36,51,52,6,0,0
0,67,72,33,61,54,6,0,1
0,57,32,58,65,44,6,0,1
1,37,40,72,53,30,8,0,1
1,59,49,56,54,41,8,0,1
0,36,64,45,57,49,8,0,1
0,44,52,32,68,59,6,0,0
0,54,70,36,52,59,7,0,0
1,57,38,35,57,75,6,0,1
1,43,74,34,66,35,6,0,0
0,46,72,43,73,36,6,0,1
0,52,59,73,61,53,7,0,1
2,48,50,53,33,64,7,0,0
3,32,37,36,45,47,8,0,1
0,66,74,73,33,35,6,0,1
0,39,31,35,58,66,8,0,1
1,69,46,31,34,71,8,0,1
0,47,42,42,66,34,8,0,1
1,45,34,68,39,51,6,0,1
0,74,62,34,58,30,8,0,1
1,39,73,34,54,42,7,0,0
1,74,43,43,71,67,8,0,1
0,65,44,38,55,56,6,0,0
0,53,58,53,44,42,7,0,0
0,35,74,70,72,57,6,0,0
0,38,55,31,32,33,6,0,1
1,62,64,72,55,69,7,0,0
1,74,50,44,55,59,8,0,1
1,39,40,71,72,69,7,0,0
0,57,37,39,43,50,6,0,1
2,60,31,38,74,36,6,0,1
0,38,34,65,42,38,6,0,1
0,44,62,34,66,36,7,0,1
0,73,39,32,32,57,7,0,0
2,63,65,66,60,62,7,0,1
0,58,63,52,32,30,7,0,1
0,62,51,44,35,50,7,0,0
1,56,49,57,33,60,7,0,1
0,33,31,61,64,62,6,0,1
0,44,69,72,48,62,6,0,0
3,37,56,34,51,64,8,0,1
3,70,52,40,74,44,8,0,1
0,56,74,58,62,41,7,0,1
1,54,42,47,31,52,8,0,1
0,35,61,72,50,56,7,0,0
2,62,66,65,52,45,6,0,1
0,33,54,40,62,55,8,0,1
1,65,44,45,63,50,8,0,1
0,44,39,45,33,50,8,0,1
1,37,57,61,39,41,8,0,1
1,51,60,44,43,42,7,0,0
0,66,42,42,74,55,7,0,0
0,74,49,35,61,62,7,0,0
1,61,66,62,35,71,8,0,1
1,74,37,63,55,43,8,0,1
1,69,36,44,65,34,6,0,0
0,66,34,42,31,52,8,0,1
1,39,38,66,39,45,8,0,1
1,53,39,49,62,67,6,0,0
0,43,31,61,66,75,7,0,0
1,75,36,38,75,63,7,0,0
1,72,48,45,48,60,7,0,0
0,50,74,69,62,69,8,0,1
1,42,74,73,51,57,8,0,1
2,64,35,30,31,43,7,0,0
0,57,70,71,46,52,6,0,0
1,47,73,49,43,64,6,0,0
1,36,58,43,73,69,7,0,0
1,65,49,31,57,43,7,0,0
1,59,53,61,74,54,8,0,1
0,75,69,70,51,49,7,0,0
0,71,57,42,30,66,8,0,1
1,31,70,31,39,49,7,0,0
0,44,51,57,36,52,7,0,0
2,54,35,70,49,36,7,0,1
1,35,60,46,56,61,8,0,1
0,40,37,68,72,36,8,0,1
0,36,71,45,55,52,7,0,0
1,47,43,59,30,43,7,0,0
1,38,42,65,64,59,6,0,0
1,47,62,60,56,43,6,0,0
1,39,68,41,36,57,6,0,0
1,33,44,30,39,51,8,0,1
1,74,60,63,70,65,7,0,0
1,37,57,33,37,59,8,0,1
1,38,69,60,42,74,8,0,1
0,70,73,45,63,68,8,0,1
1,65,75,38,31,54,7,0,0
0,71,64,44,36,33,7,0,0
1,49,74,35,48,42,8,0,1
1,40,75,34,56,44,7,0,0
1,36,30,58,73,46,6,0,0
1,33,51,52,38,60,7,0,0
0,47,50,34,43,39,6,0,0
1,34,54,31,52,43,7,0,0
0,39,72,73,66,54,8,0,1
1,73,43,75,47,48,7,0,0
1,38,49,41,73,59,7,0,0
0,71,34,62,36,36,8,0,1
1,42,50,31,41,56,7,0,0
1,37,62,32,30,36,7,0,0
2,34,43,65,71,53,7,0,1
0,48,33,62,31,36,7,0,0
0,38,65,49,57,52,7,0,0
2,52,47,39,66,47,6,0,1
0,55,73,53,32,65,8,0,1
0,38,46,32,30,50,7,0,0
1,57,35,33,40,55,6,0,0
0,32,53,48,45,60,7,0,0
0,51,75,74,36,63,8,0,1
1,58,70,46,35,75,7,0,0
0,46,51,42,52,50,6,0,0
0,67,68,67,35,52,7,0,0
1,65,69,73,54,47,8,0,1
0,34,65,58,37,47,6,0,0
0,45,56,50,62,49,7,0,0
1,42,56,38,42,74,8,0,1
1,60,42,35,41,61,7,0,0
0,49,75,52,44,38,7,0,0
2,34,40,75,47,63,7,0,0
0,64,41,63,41,44,8,0,1
1,56,55,62,60,44,7,0,0
1,62,57,36,30,71,6,0,0
0,36,69,55,44,57,7,0,0
1,40,51,75,37,44,7,0,1
1,75,54,33,57,45,8,0,1
0,61,43,38,62,45,7,0,1
2,60,61,51,67,50,6,0,1
1,37,67,67,32,55,6,0,0
0,38,55,71,74,30,7,0,1
1,59,36,59,66,62,6,0,1
0,34,43,71,42,61,8,0,1
0,75,33,69,53,36,8,0,1
1,59,37,34,73,46,7,0,0
2,68,66,72,31,48,6,0,1
2,70,65,74,45,30,8,0,1
2,30,71,34,37,36,7,0,1
2,55,44,46,68,45,7,0,1
2,61,65,46,73,62,8,0,1
2,45,33,59,37,46,7,0,1
1,57,46,75,71,71,7,0,1
2,32,73,67,57,43,7,0,1
1,37,62,53,72,54,8,0,1
2,74,32,44,53,54,7,0,0
1,73,49,73,58,70,8,0,1
1,49,36,37,47,34,7,0,0
2,56,54,62,66,72,6,0,0
1,54,66,64,35,72,6,0,0
1,69,74,45,45,47,8,0,1
1,63,43,43,37,35,7,0,0
1,30,73,37,44,41,7,0,1
2,59,55,61,60,37,8,0,1
1,74,47,62,70,40,8,0,1
1,59,52,64,70,56,8,0,1
2,73,64,48,37,71,8,0,1
1,35,35,45,55,39,6,0,1
2,56,32,52,64,39,6,0,1
2,43,58,33,70,73,7,0,0
1,69,73,45,38,67,7,0,0
2,40,73,52,68,71,8,0,1
1,58,53,65,30,36,8,0,1
1,35,45,60,59,41,6,0,0
2,50,51,36,63,51,6,0,1
1,68,35,59,71,42,6,0,0
1,47,39,30,55,45,8,0,1
2,59,45,32,59,51,6,0,1
2,72,44,57,67,64,8,0,1
2,57,75,61,61,39,8,0,1
2,43,61,30,47,64,7,0,0
1,51,39,54,62,35,8,0,1
2,63,38,46,68,50,8,0,1
2,48,36,73,39,31,8,0,1
2,59,33,69,71,49,6,0,1
1,49,31,68,44,67,7,0,1
1,49,55,64,55,68,7,0,0
2,44,67,56,49,70,6,0,1
1,57,30,64,70,47,6,0,1
1,72,52,62,50,38,6,0,0
1,45,73,58,52,68,7,0,0
1,73,71,46,43,61,8,0,1
1,72,47,33,32,43,7,0,0
2,64,61,75,67,35,6,0,1
1,54,75,45,40,53,7,0,1
1,62,42,55,71,31,6,0,1
2,47,48,63,39,66,6,0,1
1,40,47,60,48,53,6,0,0
1,44,44,62,32,63,7,0,1
0,75,40,70,32,49,6,0,1
1,48,62,53,49,68,8,0,1
0,61,33,62,39,32,7,0,0
1,56,46,62,37,71,7,0,0
1,67,62,52,74,37,8,0,1
1,57,74,37,33,68,6,0,0
0,47,33,74,33,43,7,0,0
0,41,32,60,37,75,7,0,0
1,42,39,60,56,62,7,0,0
0,33,70,75,69,36,7,0,0
1,58,69,31,40,54,8,0,1
0,57,57,70,32,55,6,0,0
0,66,32,43,53,74,7,0,0
1,69,53,44,57,43,6,0,0
1,39,43,30,67,42,7,0,0
2,63,48,69,74,70,7,0,0
1,51,40,51,63,63,7,0,0
1,52,39,46,45,57,6,0,0
0,51,60,41,72,50,6,0,0
0,50,30,33,61,67,7,0,0
1,52,32,30,34,70,7,0,0
0,70,57,71,46,63,6,0,0
0,31,44,33,74,50,8,0,1
0,53,49,57,59,36,7,0,0
1,39,45,65,58,69,6,0,0
0,46,46,32,67,52,7,0,0
1,70,62,46,38,43,8,0,1
1,71,31,33,61,58,7,0,0
2,49,72,48,74,65,8,0,1
1,51,54,56,39,52,8,0,1
0,49,31,62,57,62,8,0,1
0,63,40,50,63,39,6,0,0
2,72,60,62,74,37,6,0,1
2,40,43,48,56,75,8,0,1
0,54,70,35,49,30,7,0,0
0,65,70,46,47,53,7,0,0
0,57,57,67,47,73,8,0,1
0,37,49,69,31,38,6,0,0
0,74,49,30,65,31,8,0,1
1,52,47,52,54,66,7,0,0
1,57,44,32,36,44,8,0,1
2,52,38,35,63,38,8,0,1
1,49,75,74,42,44,7,0,0
1,52,53,74,74,75,6,0,0
0,72,44,54,34,50,8,0,1
0,53,41,32,70,57,8,0,1
2,66,36,65,55,39,6,0,1
1,74,57,38,45,68,8,0,1
0,30,46,40,44,46,7,0,0
2,53,61,61,43,60,6,0,1
1,56,62,69,59,55,8,0,1
2,49,75,65,53,31,6,0,1
0,43,50,64,50,64,6,0,1
1,64,55,50,71,38,8,0,1
0,58,74,32,59,32,9,0,1
1,45,41,42,44,37,7,0,1
0,45,71,33,68,66,9,0,1
1,30,60,71,40,53,8,0,1
1,39,46,70,61,64,6,0,1
1,33,66,56,50,75,6,0,1
0,59,72,51,69,60,8,0,1
0,72,40,61,70,70,8,0,1
0,44,37,59,53,55,8,0,1
1,58,59,59,32,68,8,0,1
1,61,42,71,65,74,6,0,1
0,30,73,74,41,32,7,0,0
1,74,47,45,47,52,9,0,1
0,52,71,47,55,33,8,0,1
0,49,43,33,31,73,7,0,1
2,40,43,57,39,37,8,0,1
1,60,36,46,50,35,8,0,1
1,61,55,44,44,63,8,0,1
1,41,52,74,37,70,7,0,0
1,47,61,49,47,50,9,0,1
2,64,67,48,59,36,8,0,1
0,74,58,71,44,71,9,0,1
0,30,63,32,33,35,6,0,1
0,35,65,62,63,64,9,0,1
1,36,47,31,56,75,7,0,1
0,50,41,66,51,39,8,0,1
1,75,45,58,70,37,7,0,0
1,41,37,64,48,51,7,0,0
0,39,69,50,75,62,8,0,1
0,30,73,58,52,50,9,0,1
0,40,42,67,66,35,7,0,0
0,45,49,68,40,68,9,0,1
1,73,32,74,68,35,8,0,1
1,37,69,43,47,71,8,0,1
0,48,30,32,56,33,7,0,0
3,30,62,32,51,34,7,0,1
1,42,68,60,59,71,6,0,1
1,55,34,47,36,50,8,0,1
1,64,73,43,66,57,6,0,1
1,54,54,74,59,44,7,0,0
1,47,60,51,74,35,7,0,1
0,66,50,32,64,40,7,0,0
1,31,69,57,31,57,7,0,1
0,69,63,34,72,42,8,0,1
1,43,65,59,42,67,6,0,1
1,42,33,41,53,51,6,0,0
0,38,35,41,37,32,7,0,0
1,44,73,59,34,55,6,0,1
1,35,48,57,68,57,6,0,1
0,51,40,71,49,57,8,0,1
0,45,48,73,36,75,8,0,1
0,51,38,50,53,54,6,0,1
1,31,48,43,48,32,8,0,1
1,45,62,43,37,54,8,0,1
0,69,47,70,45,68,6,0,1
0,63,50,35,52,53,6,0,1
1,57,38,33,57,50,6,0,0
1,45,57,67,63,42,6,0,1
1,68,71,71,58,73,6,0,1
1,37,50,47,46,41,8,0,1
1,74,52,75,44,49,6,0,1
1,57,48,55,53,59,6,0,0
1,37,50,73,48,52,6,0,1
0,71,58,65,70,31,8,0,1
0,32,58,36,60,47,7,0,0
2,66,45,46,46,51,8,0,1
1,64,42,46,51,54,8,0,1
1,43,74,55,55,67,8,0,1
0,50,54,58,39,71,7,0,1
0,67,56,31,70,31,6,0,0
1,69,44,73,42,74,6,0,0
1,71,54,46,30,42,6,0,1
0,48,58,74,54,71,8,0,1
1,48,34,55,32,64,7,0,1
1,40,49,68,47,62,7,0,0
0,73,40,35,31,41,7,0,0
2,57,44,45,51,42,8,0,1
0,33,74,58,55,67,8,0,1
1,56,33,37,64,65,8,0,1
0,56,33,69,31,31,6,0,0
0,67,61,40,70,69,6,0,0
1,55,37,35,71,50,8,0,1
1,66,64,31,38,38,8,0,1
1,53,38,67,42,30,8,0,1
0,36,66,66,34,69,8,0,1
0,32,68,60,64,68,6,0,0
1,38,39,59,64,46,8,0,1
1,39,64,72,41,51,8,0,1
2,63,52,44,68,35,8,0,1
0,38,54,71,35,49,8,0,1
1,67,44,39,34,42,7,0,1
0,58,73,49,47,40,8,0,1
0,39,37,49,68,75,7,0,0
0,30,49,55,40,58,8,0,1
0,68,44,31,36,74,7,0,1
1,67,30,73,48,62,7,0,1
1,50,60,55,30,42,6,0,0
0,41,42,51,68,56,6,0,1
1,54,41,51,47,65,8,0,1
0,73,40,41,36,33,8,0,1
0,39,71,43,51,46,6,0,0
1,74,63,70,55,39,6,0,1
1,38,71,55,57,36,7,0,1
0,60,63,37,53,73,6,0,0
1,40,40,52,48,72,8,0,1
1,38,64,36,55,55,8,0,1
1,73,61,62,72,54,6,0,0
1,30,51,46,33,34,8,0,1
0,50,75,49,53,59,8,0,1
0,56,69,73,49,64,6,0,0
1,66,75,53,58,64,6,0,0
0,50,33,40,71,34,8,0,1
0,65,33,71,67,54,7,0,0
0,69,50,41,30,31,6,0,1
1,45,55,32,45,73,7,0,1
1,40,43,42,57,60,8,0,1
2,56,30,30,32,71,8,0,1
0,57,69,57,67,50,7,0,0
0,48,68,44,74,40,7,0,0
0,51,49,36,59,66,8,0,1
0,43,74,35,72,46,7,0,0
0,38,56,30,53,35,7,0,1
2,59,70,50,54,39,6,0,1
0,41,50,38,47,70,8,0,1
0,32,67,46,74,40,7,0,1
1,67,75,45,65,64,8,0,1
3,43,56,75,75,31,7,0,0
0,47,49,30,40,47,6,0,0
0,34,64,60,56,50,6,0,0
1,67,63,62,42,67,8,0,1
0,55,43,48,51,51,8,0,1
0,72,41,59,69,71,6,0,1
0,62,73,73,53,73,6,0,1
1,52,66,72,43,72,6,0,0
0,37,75,33,59,32,6,0,1
1,59,70,68,61,68,7,0,1
1,67,30,75,72,58,8,0,1
0,43,73,59,55,66,7,0,0
1,70,66,75,54,57,6,0,0
0,38,68,45,50,63,7,0,1
1,59,68,66,42,73,6,0,0
0,53,69,51,37,38,6,0,0
0,35,71,55,34,31,8,0,1
2,35,70,75,53,42,8,0,1
1,72,75,75,33,40,7,0,0
0,51,60,57,54,73,6,0,0
0,64,50,48,69,35,7,0,1
0,51,46,33,30,61,7,0,0
1,69,43,56,63,44,7,0,1
1,42,39,30,36,72,8,0,1
2,65,66,68,55,31,7,0,1
2,33,39,68,67,50,6,0,1
1,59,60,32,36,71,6,0,1
0,49,41,33,44,58,8,0,1
1,72,36,71,34,53,7,0,0
1,35,69,49,45,37,8,0,1
0,53,73,39,60,74,8,0,1
2,64,37,51,44,46,7,0,1
0,42,48,71,30,73,6,0,1
1,45,54,69,50,46,6,0,0
0,46,61,32,46,64,6,0,0
2,51,59,55,62,69,7,0,1
0,48,58,32,54,60,8,0,1
0,66,57,69,48,37,6,0,0
1,66,51,42,71,44,6,0,1
1,73,34,62,52,74,7,0,0
1,61,54,72,61,61,6,0,0
0,35,72,67,48,44,8,0,1
0,69,44,72,37,57,8,0,1
1,55,34,71,69,63,6,0,0
1,67,33,70,48,31,7,0,1
0,53,47,40,39,72,8,0,1
2,74,31,68,38,44,6,0,1
1,41,53,43,46,62,8,0,1
0,59,40,63,75,71,8,0,1
0,73,39,63,38,33,8,0,1
0,69,55,57,42,34,6,0,1
1,59,73,67,65,49,8,0,1
0,75,73,44,39,64,6,0,0
0,46,48,42,53,32,6,0,0
1,47,58,71,32,58,8,0,1
0,68,33,39,45,57,6,0,0
1,50,43,60,54,65,8,0,1
1,68,37,46,75,40,7,0,0
0,43,30,41,46,35,8,0,1
0,56,34,42,31,75,8,0,1
1,59,75,34,30,44,7,0,1
0,66,49,68,58,41,6,0,1
0,72,65,50,65,36,7,0,1
0,75,58,53,45,46,6,0,0
1,74,43,72,71,41,7,0,0
1,72,56,52,42,53,8,0,1
2,51,57,41,72,30,7,0,1
3,55,46,56,31,31,8,0,1
0,57,43,52,51,45,7,0,0
1,49,62,35,38,41,6,0,0
1,49,55,58,53,30,7,0,0
1,47,30,68,34,45,6,0,0
0,63,38,43,42,65,8,0,1
0,46,54,43,49,43,8,0,1
1,72,38,71,37,58,8,0,1
0,57,33,66,31,33,6,0,0
0,61,50,66,47,44,7,0,0
0,31,63,35,63,57,8,0,1
0,32,43,74,46,59,7,0,0
0,38,72,49,48,68,6,0,0
1,50,53,48,54,63,7,0,0
2,57,35,47,63,47,7,0,0
1,75,58,54,49,74,8,0,1
0,55,68,68,44,70,6,0,1
1,48,75,49,69,68,6,0,1
0,38,42,65,40,54,7,0,0
0,60,75,73,40,47,8,0,1
2,52,54,68,32,54,6,0,1
0,51,35,44,61,64,6,0,0
0,45,69,55,69,51,8,0,1
0,62,31,74,45,62,7,0,1
1,62,56,32,40,68,7,0,0
1,59,70,47,68,52,6,0,0
2,52,68,51,53,32,8,0,1
1,52,61,39,65,64,6,0,0
2,51,47,45,50,49,8,0,1
1,50,64,66,57,40,8,0,1
0,43,59,42,43,63,6,0,1
0,42,66,39,31,40,7,0,0
1,53,58,53,58,31,8,0,1
2,64,73,63,45,39,7,0,1
1,40,43,35,60,53,7,0,1
1,65,47,40,35,43,7,0,1
1,30,45,69,45,59,7,0,1
1,32,54,43,67,46,7,0,0
1,53,44,38,36,38,7,0,0
0,31,39,39,42,53,7,0,0
0,36,33,43,44,62,8,0,1
2,44,39,34,70,62,7,0,1
0,42,47,50,63,43,7,0,0
0,44,57,64,34,38,6,0,1
0,54,58,68,70,35,8,0,1
1,37,63,75,54,45,8,0,1
1,65,40,31,69,66,6,0,1
2,60,41,58,49,50,7,0,1
1,69,70,54,74,55,8,0,1
0,65,63,45,43,74,7,0,1
0,45,40,35,38,48,7,0,1
0,67,51,38,46,36,8,0,1
0,46,45,35,57,41,7,0,1
0,43,71,32,69,47,8,0,1
1,44,44,61,66,69,8,0,1
0,49,66,36,38,49,7,0,0
1,62,42,47,68,46,6,0,1
1,31,32,59,48,34,8,0,1
0,52,49,59,52,56,7,0,0
1,37,56,60,61,61,7,0,1
1,52,39,50,46,34,7,0,1
1,48,61,66,74,59,8,0,1
1,44,71,47,49,31,8,0,1
0,57,40,57,65,31,6,0,1
0,49,68,61,72,68,7,0,1
2,72,54,63,40,44,8,0,1
0,47,50,68,53,52,8,0,1
0,70,33,43,39,35,7,0,0
1,71,34,49,48,69,6,0,0
0,50,57,32,70,40,8,0,1
0,30,46,53,34,68,7,0,0
1,47,35,48,72,33,6,0,0
0,38,59,72,32,38,8,0,1
0,60,40,40,34,63,8,0,1
1,53,68,70,33,56,7,0,1
1,53,42,46,39,33,6,0,0
0,73,56,43,30,58,6,0,1
0,34,55,46,48,74,8,0,1
0,68,44,41,35,60,7,0,0
0,37,30,59,55,73,8,0,1
1,35,39,53,47,31,8,0,1
0,75,55,70,35,40,6,0,0
0,74,44,69,74,35,7,0,0
1,66,47,70,60,75,7,0,1
0,38,54,52,43,39,8,0,1
0,72,71,45,73,55,6,0,1
1,35,38,34,34,53,8,0,1
1,40,43,56,59,41,7,0,0
1,42,64,43,70,45,8,0,1
2,34,70,64,74,67,7,0,1
0,64,34,54,39,30,6,0,0
0,44,51,65,65,63,6,0,0
2,49,54,40,75,55,7,0,1
0,71,48,72,53,36,7,0,0
1,48,71,41,39,73,7,0,1
1,47,52,43,54,53,6,0,1
1,72,42,36,50,34,6,0,1
1,71,44,54,47,58,7,0,1
2,62,65,75,34,45,8,0,1
0,54,56,48,61,49,6,0,0
0,40,35,53,70,40,6,0,1
2,51,48,38,43,62,8,0,1
1,61,30,59,60,37,8,0,1
1,75,36,54,32,62,8,0,1
1,63,68,36,68,41,7,0,1
2,47,66,58,53,32,6,0,1
1,45,56,48,59,53,7,0,0
2,74,62,39,70,71,7,0,1
2,36,75,39,62,41,7,0,1
1,54,40,36,50,58,6,0,0
1,51,72,38,41,70,8,0,1
1,53,30,41,58,50,8,0,1
2,56,31,68,44,65,6,0,1
1,41,59,53,49,40,6,0,0
2,53,46,32,69,70,7,0,1
1,71,49,40,49,46,8,0,1
2,39,49,47,55,69,7,0,1
2,49,46,75,68,31,8,0,1
2,57,54,52,57,46,8,0,1
2,71,31,58,41,71,6,0,1
2,73,41,36,39,34,6,0,1
2,72,63,41,40,74,7,0,0
1,39,38,54,45,55,7,0,0
2,51,66,52,69,67,7,0,0
2,63,67,51,65,66,8,0,1
1,33,31,42,38,61,6,0,0
2,46,40,71,70,37,6,0,1
1,63,51,60,37,72,7,0,1
1,74,59,70,66,43,7,0,1
2,45,66,69,74,65,6,0,1
2,55,59,56,30,68,6,0,1
2,42,32,54,60,68,7,0,1
2,46,30,36,41,30,7,0,1
1,58,67,71,65,52,6,0,0
1,59,41,71,34,62,6,0,1
2,70,70,35,55,54,6,0,1
1,42,50,58,31,33,7,0,1
1,72,41,45,47,31,8,0,1
2,34,40,46,32,33,7,0,1
1,55,75,63,54,71,6,0,0
1,35,71,64,43,44,8,0,1
1,46,30,72,66,68,6,0,0
1,31,37,73,51,53,8,0,1
2,34,52,43,42,44,8,0,1
2,56,71,53,53,40,8,0,1
1,41,61,35,41,47,7,0,0
2,72,49,41,60,68,7,0,0
2,37,42,38,58,52,8,0,1
1,32,49,33,67,70,7,0,0
2,68,64,75,44,47,7,0,1
1,52,74,40,37,54,6,0,0
2,37,66,39,37,67,8,0,1
2,49,43,70,32,57,7,0,1
1,51,50,35,54,67,6,0,0
1,54,58,44,40,42,6,0,0
2,68,66,38,40,54,7,0,0
1,51,33,48,47,42,7,0,0
1,56,58,44,48,72,7,0,0
2,62,73,64,51,68,6,0,1
2,48,68,34,30,37,8,0,1
2,37,61,36,37,59,8,0,1
2,63,60,54,53,67,6,0,1
1,31,73,75,72,31,7,0,0
1,46,48,47,40,32,8,0,1
1,72,42,67,43,54,7,0,0
2,41,32,59,45,71,8,0,1
1,71,74,48,47,42,8,0,1
2,50,52,73,57,63,7,0,0
2,38,71,31,55,40,7,0,0
1,75,31,47,53,56,7,0,0
2,33,69,57,72,57,6,0,1
2,34,61,65,36,33,6,0,1
1,67,46,34,40,53,6,0,0
1,31,48,73,38,67,8,0,1
2,47,70,50,59,36,6,0,1
1,30,32,68,58,49,7,0,0
2,68,66,55,50,74,7,0,0
2,30,47,53,56,53,7,0,0
2,60,44,39,50,75,8,0,1
1,45,54,55,62,56,7,0,0
2,72,75,41,73,30,7,0,0
2,37,52,57,66,41,8,0,1
1,36,40,50,74,62,6,0,0
1,46,64,71,60,59,7,0,0
1,49,72,66,59,42,6,0,0
1,50,57,53,37,46,6,0,0
1,45,72,69,48,49,6,0,0
1,50,54,72,61,57,6,0,0
2,45,60,31,35,71,8,0,1
1,31,61,61,52,65,7,0,0
1,71,42,69,33,54,6,0,0
1,53,39,47,68,51,7,0,0
2,40,43,65,75,42,8,0,1
2,73,39,50,40,59,7,0,0
2,75,33,67,53,30,7,0,0
1,69,34,33,32,50,8,0,1
1,64,51,51,65,60,6,0,0
1,39,70,44,55,66,7,0,0
1,70,74,33,34,33,8,0,1
1,52,66,35,73,71,8,0,1
1,40,55,73,52,44,7,0,0
1,69,58,74,73,59,9,0,1
2,48,74,48,53,64,8,0,1
2,56,34,69,45,33,7,0,1
2,51,53,33,75,48,7,0,0
2,73,64,50,43,47,9,0,1
2,46,49,62,70,61,7,0,0
1,34,71,37,48,55,9,0,1
1,41,36,42,70,70,7,0,0
2,56,39,66,59,43,7,0,1
1,64,45,48,58,51,9,0,1
1,65,51,57,30,48,8,0,1
1,59,61,52,75,44,9,0,1
2,54,39,31,49,59,9,0,1
2,58,38,42,73,31,9,0,1
1,69,57,62,32,43,8,0,1
1,49,67,55,40,51,9,0,1
1,43,69,74,54,30,8,0,1
2,57,38,39,45,74,8,0,1
2,56,48,51,63,59,8,0,1
2,36,57,63,55,34,9,0,1
2,47,54,75,48,73,7,0,1
1,31,69,46,44,42,9,0,1
2,54,62,43,66,63,8,0,1
2,50,65,72,73,36,9,0,1
1,40,60,64,60,60,9,0,1
2,34,73,65,64,51,9,0,1
1,40,69,30,73,72,8,0,1
1,31,40,57,46,43,8,0,1
2,49,75,66,41,46,9,0,1
1,75,31,31,59,57,8,0,1
1,41,68,72,42,60,8,0,1
1,34,30,68,44,53,7,0,0
1,30,46,46,53,57,9,0,1
1,55,54,64,55,31,9,0,1
2,34,75,64,47,33,8,0,1
2,74,38,75,69,30,9,0,1
1,67,46,72,46,48,7,0,0
2,41,71,60,74,55,7,0,0
2,69,53,54,59,75,8,0,1
2,59,61,38,72,73,7,0,0
1,36,65,53,63,59,9,0,1
1,38,66,41,55,59,8,0,1
1,31,65,34,47,38,7,0,0
2,67,54,61,45,34,8,0,1
2,36,42,41,69,68,7,0,1
2,69,38,64,71,30,8,0,1
1,33,40,64,71,74,7,0,0
1,44,69,46,51,48,7,0,1
2,73,48,73,39,64,8,0,1
1,51,69,70,50,32,8,0,1
1,33,49,61,41,48,8,0,1
1,54,51,40,39,38,7,0,0
1,31,59,33,40,50,9,0,1
0,47,48,60,56,56,9,0,1
0,46,50,43,37,63,9,0,1
0,34,48,64,36,32,8,0,1
1,43,53,53,48,43,9,0,1
1,56,69,74,52,69,7,0,0
1,40,55,57,53,46,8,0,1
0,35,44,72,32,31,9,0,1
0,64,30,70,36,31,7,0,0
0,64,71,62,65,37,8,0,1
0,64,58,49,40,63,8,0,1
0,52,43,30,51,55,8,0,1
0,70,50,55,40,73,9,0,1
1,37,70,61,53,37,8,0,1
0,43,65,31,43,71,7,0,0
0,35,68,36,61,72,7,0,0
0,42,74,47,71,64,9,0,1
1,40,70,37,47,74,7,0,0
2,69,53,44,47,55,9,0,1
0,30,52,71,36,33,8,0,1
1,49,64,70,68,68,8,0,1
1,59,56,57,54,43,9,0,1
0,51,60,54,63,57,9,0,1
1,33,47,48,54,37,9,0,1
2,69,61,53,71,40,8,0,1
1,50,36,41,57,47,9,0,1
0,63,50,33,54,34,9,0,1
0,38,74,30,30,37,8,0,1
1,64,36,71,41,50,9,0,1
0,70,74,60,52,58,8,0,1
1,43,37,32,62,39,8,0,1
0,65,73,75,45,42,8,0,1
0,74,36,30,39,51,9,0,1
1,37,37,52,42,51,9,0,1
0,31,47,73,57,52,9,0,1
1,32,32,74,37,69,8,0,1
1,58,49,45,70,58,7,0,0
1,35,63,63,56,42,9,0,1
0,48,50,49,69,34,9,0,1
1,58,41,35,74,46,7,0,0
1,66,41,32,31,36,8,0,1
1,39,55,39,45,50,8,0,1
1,52,45,51,53,30,8,0,1
1,72,36,74,54,62,7,0,0
1,35,61,40,71,37,7,0,0
1,46,56,57,72,39,9,0,1
2,50,67,69,56,42,9,0,1
0,61,66,60,51,59,9,0,1
0,44,35,66,60,56,7,0,1
0,69,60,43,53,44,8,0,1
2,38,70,31,37,32,8,0,1
0,51,43,51,51,44,8,0,1
1,74,45,43,45,52,9,0,1
1,66,73,43,50,53,9,0,1
0,45,50,51,31,40,9,0,1
0,43,47,52,50,31,9,0,1
0,70,71,53,67,75,7,0,0
0,62,66,50,71,51,9,0,1
0,53,30,55,45,30,9,0,1
1,33,31,51,30,65,7,0,0
1,44,60,63,66,63,8,0,1
1,70,39,37,36,30,9,0,1
1,42,36,53,43,74,8,0,1
1,40,54,47,36,70,8,0,1
1,63,35,49,56,46,9,0,1
0,68,46,32,66,75,7,0,0
1,49,42,44,54,66,7,0,1
1,40,71,34,40,38,8,0,1
0,37,56,71,40,70,9,0,1
1,53,47,30,67,71,9,0,1
0,37,75,33,67,45,7,0,0
0,49,33,64,65,50,7,0,1
1,69,36,31,57,49,9,0,1
0,44,43,52,38,32,9,0,1
2,75,50,63,40,44,9,0,1
3,49,56,39,65,48,9,0,1
0,53,62,31,47,47,9,0,1
2,46,45,62,46,68,9,0,1
1,55,58,41,67,30,7,0,0
1,62,31,66,52,31,7,0,1
0,56,35,30,41,61,9,0,1
1,33,59,61,52,38,7,0,0
0,38,58,56,75,66,7,0,0
1,66,41,65,37,54,8,0,1
0,74,39,71,51,41,9,0,1
0,30,38,32,41,72,9,0,1
0,54,35,58,67,74,8,0,1
0,71,47,48,67,30,9,0,1
1,65,39,48,45,59,7,0,0
2,54,47,35,43,37,8,0,1
1,61,60,46,35,70,9,0,1
1,40,53,56,71,45,9,0,1
0,51,51,41,70,32,7,0,1
1,69,39,69,58,41,9,0,1
1,40,56,74,41,74,8,0,1
0,53,30,61,44,53,8,0,1
0,59,49,41,56,56,7,0,0
0,51,52,62,61,48,7,0,0
0,35,58,64,65,66,7,0,0
0,70,42,49,53,54,9,0,1
0,53,34,59,33,58,9,0,1
2,33,43,60,57,75,9,0,1
2,68,71,35,65,41,8,0,1
0,63,72,59,35,70,8,0,1
1,72,44,33,57,75,8,0,1
1,58,41,38,39,61,7,0,0
1,40,51,48,38,42,8,0,1
1,62,74,45,56,74,8,0,1
0,41,47,30,30,47,7,0,0
0,60,41,38,56,34,9,0,1
0,48,42,42,62,37,8,0,1
1,45,61,41,42,56,8,0,1
1,64,71,56,67,47,7,0,0
1,61,63,55,37,66,7,0,0
1,34,62,72,70,53,7,0,0
1,51,43,68,72,74,8,0,1
0,44,57,50,65,51,8,0,1
1,51,42,43,46,57,9,0,1
0,39,49,40,31,61,9,0,1
1,33,59,61,36,61,8,0,1
0,37,44,40,73,51,7,0,0
0,47,56,63,64,71,9,0,1
0,31,41,70,74,41,8,0,1
0,68,48,69,70,45,8,0,1
0,62,43,47,30,57,7,0,0
1,58,54,60,31,32,8,0,1
0,62,68,55,75,40,8,0,1
0,31,47,60,47,32,8,0,1
0,38,55,49,61,35,7,0,0
0,39,62,69,75,42,8,0,1
0,68,74,51,51,73,9,0,1
1,61,71,57,59,70,7,0,0
2,54,31,32,72,46,7,0,0
1,69,42,52,46,33,9,0,1
0,73,40,41,36,49,9,0,1
0,36,54,43,46,31,7,0,0
1,69,75,38,64,71,8,0,1
0,42,47,61,63,48,8,0,1
0,67,46,35,57,75,9,0,1
0,40,71,66,58,39,8,0,1
1,35,47,65,55,53,9,0,1
0,70,44,67,68,72,9,0,1
0,46,62,44,30,32,7,0,0
1,30,69,55,56,41,8,0,1
0,48,69,64,45,58,7,0,0
0,32,31,36,38,36,7,0,0
1,49,71,58,38,31,8,0,1
0,53,43,48,35,51,9,0,1
0,34,72,34,32,38,7,0,1
0,55,53,69,38,51,7,0,0
1,46,50,70,61,69,6,0,1
0,31,30,72,54,59,6,0,1
0,47,56,60,35,42,7,0,0
1,32,70,61,68,61,7,0,1
1,68,30,64,43,57,6,0,1
2,54,53,74,49,33,7,0,1
1,31,58,37,74,61,7,0,0
1,66,44,64,58,60,6,0,1
0,32,43,58,40,49,6,0,1
1,44,63,68,73,35,7,0,0
1,39,35,41,71,62,7,0,0
0,67,75,55,44,41,7,0,0
0,47,40,36,37,70,6,0,1
1,53,48,47,73,44,7,0,0
0,45,31,37,37,34,6,0,1
1,67,38,60,42,33,7,0,0
0,42,39,55,62,45,6,0,1
0,70,47,65,61,51,6,0,1
0,63,62,39,36,47,6,0,1
0,46,43,64,64,70,6,0,1
1,31,67,65,71,46,7,0,1
0,48,67,55,41,32,7,0,0
0,71,67,37,43,59,6,0,1
0,32,44,38,58,41,7,0,0
1,40,42,41,56,41,6,0,1
1,49,75,42,36,56,7,0,0
0,68,45,72,59,72,6,0,1
1,42,56,45,67,60,7,0,0
0,32,50,33,31,47,7,0,0
2,54,63,45,62,58,6,0,1
0,38,34,34,40,67,7,0,0
0,30,36,48,44,66,7,0,0
1,60,61,69,41,68,7,0,1
1,38,56,70,62,69,6,0,1
0,32,62,37,53,56,7,0,1
0,63,59,67,75,30,7,0,1
1,44,35,70,40,70,6,0,1
0,72,75,75,32,62,7,0,0
1,56,58,33,45,60,7,0,0
0,58,70,61,54,65,6,0,1
1,48,51,49,66,61,6,0,1
0,31,52,33,45,71,7,0,0
1,38,46,33,75,59,6,0,1
1,50,31,63,33,48,7,0,1
1,59,37,36,72,62,7,0,1
2,33,60,46,55,71,7,0,1
2,56,35,49,56,65,7,0,1
0,33,68,47,50,46,6,0,1
0,70,67,54,51,33,6,0,1
0,44,48,41,56,51,7,0,1
1,71,72,61,34,41,7,0,1
1,65,33,45,61,74,7,0,0
1,69,42,68,72,30,7,0,1
0,67,72,62,74,72,6,0,1
0,63,41,38,75,66,6,0,1
1,60,31,38,34,75,6,0,1
1,70,61,43,47,42,6,0,1
0,56,35,54,53,64,6,0,1
1,63,51,51,42,70,6,0,0
0,44,57,56,59,54,6,0,0
1,46,52,42,47,37,7,0,0
0,70,52,56,67,51,6,0,0
0,36,34,59,73,68,7,0,0
1,54,53,43,64,44,7,0,0
1,30,34,38,58,36,7,0,0
0,34,39,57,48,32,6,0,0
0,41,67,47,36,66,7,0,0
0,30,45,75,44,61,7,0,0
0,63,33,39,46,48,7,0,0
1,65,67,62,43,52,7,0,0
1,74,59,54,52,61,7,0,0
1,47,60,31,72,36,6,0,0
1,58,70,58,44,48,7,0,1
1,75,56,71,43,33,6,0,0
1,33,36,53,37,48,6,0,0
1,40,55,35,41,46,6,0,0
0,60,46,52,55,39,7,0,0
0,75,43,72,66,74,6,0,0
0,44,47,57,38,39,7,0,1
1,54,48,53,66,71,6,0,0
1,30,31,70,33,32,7,0,0
0,56,31,45,73,64,7,0,0
1,58,48,53,41,56,6,0,0
3,32,74,74,57,70,7,0,0
1,43,49,50,61,57,6,0,0
0,36,74,41,75,53,7,0,0
1,43,73,75,32,35,8,0,1
0,47,65,31,65,66,8,0,1
1,61,74,65,52,57,8,0,1
1,72,32,38,67,69,7,0,0
1,54,61,73,53,74,6,0,0
1,45,62,75,30,51,8,0,1
0,55,50,65,45,39,8,0,1
0,71,72,59,55,49,7,0,0
2,55,36,64,64,66,8,0,1
0,45,67,69,55,58,6,0,0
2,38,71,41,30,66,6,0,1
0,74,38,58,34,59,8,0,1
1,41,31,64,35,56,7,0,0
1,71,42,30,71,31,6,0,0
3,40,71,44,40,60,8,0,1
1,30,68,39,46,46,7,0,0
0,49,53,69,32,54,6,0,0
0,48,56,57,31,75,8,0,1
0,71,34,40,75,35,7,0,0
0,42,41,53,46,37,8,0,1
1,71,54,70,38,31,6,0,0
0,38,51,50,72,45,6,0,0
2,71,56,66,30,36,6,0,1
0,60,47,68,59,35,8,0,1
0,75,48,44,48,39,6,0,0
1,59,69,64,37,42,8,0,1
2,31,60,33,36,55,7,0,0
0,45,30,51,46,45,7,0,0
0,39,49,42,48,73,6,0,0
0,36,53,47,51,35,6,0,0
0,56,47,73,60,50,7,0,0
1,74,53,55,65,61,8,0,1
2,68,31,31,54,38,8,0,1
1,42,70,55,72,62,7,0,0
1,55,64,38,51,75,8,0,1
1,38,49,74,71,74,7,0,0
0,44,44,39,47,64,8,0,1
0,69,72,42,42,67,8,0,1
0,55,57,36,70,58,7,0,0
0,38,43,65,33,35,7,0,0
3,40,32,49,34,55,6,0,1
0,51,37,38,56,62,8,0,1
2,37,52,47,67,49,7,0,1
0,69,37,55,41,65,7,0,0
0,72,63,69,30,46,6,0,0
2,39,43,73,36,52,7,0,0
1,58,61,63,41,30,8,0,1
0,72,35,68,66,47,7,0,0
0,54,61,33,70,42,6,0,0
2,46,63,68,54,46,8,0,1
1,47,56,33,37,32,6,0,0
0,74,32,62,52,34,6,0,0
0,64,58,47,47,47,7,0,0
1,46,72,52,41,48,6,0,0
1,72,55,35,39,73,6,0,0
1,40,62,71,69,44,7,0,1
3,55,31,50,68,74,8,0,1
0,42,60,75,52,55,7,0,0
0,32,69,33,36,60,7,0,0
0,34,35,68,67,73,6,0,0
0,68,32,66,38,74,8,0,1
1,67,45,57,46,69,6,0,0
0,30,42,67,34,55,8,0,1
2,36,57,55,32,38,8,0,1
0,60,35,67,44,74,8,0,1
1,56,33,48,67,56,8,0,1
0,36,59,72,32,46,6,0,0
1,38,30,46,68,49,6,0,0
0,68,53,56,66,65,6,0,0
1,72,36,55,68,52,6,0,0
0,61,45,38,72,74,7,0,0
0,48,74,34,74,69,6,0,0
1,74,60,50,67,61,8,0,1
0,49,37,68,31,34,8,0,1
1,57,31,73,57,59,8,0,1
0,72,57,50,52,47,7,0,0
1,48,65,65,68,44,7,0,0
1,35,69,40,72,75,6,0,0
2,54,71,75,34,36,8,0,1
1,65,71,31,51,55,8,0,1
0,66,40,42,31,66,6,0,0
1,42,45,66,70,38,7,0,0
0,75,47,61,33,68,7,0,0
0,38,75,43,72,64,8,0,1
0,74,46,65,54,65,7,0,0
0,58,66,33,57,33,6,0,0
0,32,56,45,67,31,7,0,0
1,69,36,68,30,70,8,0,1
3,46,55,54,50,34,6,0,1
1,57,67,73,54,32,6,0,0
0,53,36,30,53,58,7,0,0
2,71,42,65,46,64,7,0,1
0,39,46,43,31,39,6,0,0
0,54,67,75,42,48,6,0,0
1,30,68,46,37,58,6,0,0
1,61,59,66,30,45,8,0,1
1,67,71,65,45,38,8,0,1
3,31,37,34,47,38,6,0,0
0,52,38,41,62,33,6,0,0
0,69,66,41,30,44,8,0,1
1,68,75,59,69,62,6,0,0
1,69,42,74,51,40,6,0,0
0,71,73,31,48,70,8,0,1
1,33,70,44,50,44,7,0,0
1,57,46,39,67,74,8,0,1
0,38,40,40,42,33,7,0,0
0,48,49,52,48,37,8,0,1
0,39,57,43,54,62,7,0,0
2,42,71,31,63,63,8,0,1
1,59,55,36,70,62,6,0,0
1,37,73,46,61,46,7,0,0
1,58,64,72,43,44,8,0,1
1,49,50,67,56,67,8,0,1
1,34,55,52,64,66,6,0,1
1,74,56,61,34,73,6,0,1
1,69,60,30,50,47,7,0,1
1,58,68,58,43,30,7,0,1
1,46,67,49,47,59,7,0,1
1,53,67,31,43,63,6,0,1
0,49,62,48,39,59,8,0,1
1,51,47,68,40,53,7,0,0
1,47,55,43,56,67,7,0,1
0,52,73,33,68,32,7,0,0
1,59,36,54,38,36,8,0,1
1,69,37,48,74,70,7,0,1
2,40,47,54,37,63,7,0,0
2,31,57,33,37,34,7,0,1
1,45,35,45,74,71,6,0,1
2,62,55,34,52,50,7,0,0
0,62,66,57,69,37,6,0,1
0,47,69,70,31,37,6,0,0
0,64,51,72,55,62,7,0,0
1,57,71,44,48,58,7,0,0
1,36,44,57,60,55,6,0,1
0,66,42,64,46,72,8,0,1
1,37,61,62,71,69,8,0,1
0,36,48,36,57,68,7,0,0
2,58,64,34,46,58,6,0,1
1,49,46,64,35,71,6,0,0
0,39,31,68,47,60,6,0,1
1,61,35,46,71,68,7,0,0
1,42,31,34,43,31,6,0,0
1,64,67,74,68,46,6,0,1
0,30,60,65,41,52,6,0,0
1,41,43,49,68,71,6,0,0
1,40,33,55,61,59,7,0,0
0,60,70,56,48,56,7,0,0
1,59,44,75,64,38,8,0,1
0,46,43,48,56,63,8,0,1
1,64,64,56,72,43,7,0,1
0,71,66,67,35,55,7,0,1
1,32,40,72,56,36,7,0,0
1,30,63,49,74,50,8,0,1
0,63,30,63,49,52,6,0,0
0,42,35,61,68,60,8,0,1
0,62,47,75,75,36,7,0,0
0,56,54,52,73,34,8,0,1
1,67,38,69,49,42,7,0,0
1,30,52,42,46,71,6,0,0
0,70,53,51,34,47,8,0,1
0,71,44,56,57,37,6,0,0
2,56,38,61,59,32,7,0,0
0,69,69,32,74,59,7,0,1
0,68,65,65,70,36,6,0,0
0,37,42,32,30,72,8,0,1
0,43,37,70,53,61,7,0,0
0,34,62,65,51,67,8,0,1
0,74,63,60,45,43,6,0,1
0,62,45,33,65,67,8,0,1
1,51,68,57,40,53,6,0,0
0,64,39,74,65,57,7,0,1
0,41,45,48,65,75,6,0,0
0,46,63,37,33,63,7,0,1
0,31,49,49,30,57,8,0,1
2,43,60,60,58,65,7,0,1
1,57,37,40,57,41,7,0,1
0,57,45,44,44,33,8,0,1
1,49,53,50,68,68,7,0,0
1,51,64,32,65,70,8,0,1
0,52,70,68,63,64,8,0,1
0,33,49,35,61,57,6,0,0
0,72,36,50,56,54,6,0,1
0,56,71,72,40,31,6,0,0
1,68,69,67,67,45,7,0,1
1,56,63,75,40,59,8,0,1
0,54,49,57,51,72,8,0,1
1,75,55,74,65,30,7,0,0
1,52,73,33,55,47,7,0,1
0,38,47,50,56,49,8,0,1
0,68,61,30,38,55,8,0,1
2,41,69,46,58,45,6,0,1
0,33,63,54,50,55,6,0,0
1,66,60,60,66,36,6,0,0
2,62,35,67,58,49,5,1,0
1,72,53,37,73,48,5,1,0
1,68,46,31,30,55,6,0,0
0,68,56,33,55,60,5,0,0
1,35,74,35,73,41,6,0,0
1,52,44,51,41,54,5,0,0
0,44,44,56,72,30,5,1,0
0,45,49,34,55,36,5,0,0
0,70,38,45,53,54,5,0,0
2,31,30,69,64,55,6,0,0
0,61,63,53,41,35,6,0,1
0,39,47,41,70,70,6,0,1
1,31,57,42,30,74,6,0,1
1,50,55,43,59,37,5,0,0
2,64,60,39,43,46,5,1,0
0,67,51,31,30,33,5,0,0
0,69,69,58,56,38,5,1,0
0,55,70,58,43,44,5,0,0
1,69,37,42,48,38,6,0,0
0,38,75,44,69,53,7,0,1
1,57,69,36,35,48,7,0,1
1,56,38,58,57,63,6,0,1
1,62,30,55,33,47,7,0,0
1,53,44,57,66,59,7,0,1
0,65,57,35,49,51,7,0,0
0,38,49,58,60,49,6,0,0
0,68,65,30,62,31,8,0,1
0,56,39,74,38,74,8,0,1
0,63,35,69,43,61,7,0,0
0,44,47,61,31,49,8,0,1
0,32,67,56,35,65,7,0,0
0,70,69,73,42,53,7,0,0
0,45,50,61,65,39,7,0,1
1,46,75,75,33,49,8,0,1
1,68,40,64,42,59,7,0,0
1,32,39,32,75,37,7,0,1
0,65,57,46,49,50,8,0,1
2,39,53,69,74,56,7,0,0
0,44,58,45,34,32,7,0,0
2,49,51,64,37,58,8,0,1
0,38,39,53,36,30,7,0,1
0,67,60,65,33,65,8,0,1
1,41,56,61,42,41,8,0,1
1,67,72,44,44,40,8,0,1
0,37,53,67,63,69,8,0,1
1,54,66,60,67,70,7,0,1
0,54,42,42,71,62,8,0,1
1,45,75,63,47,41,8,0,1
1,42,40,35,30,63,7,0,0
0,60,47,59,49,74,7,0,1
1,45,61,47,63,72,8,0,1
0,63,52,36,35,54,6,0,1
1,35,52,64,66,59,7,0,0
1,41,32,51,34,65,8,0,1
2,51,71,63,60,56,7,0,0
0,40,62,54,64,69,6,0,0
0,32,35,32,45,37,6,0,0
3,60,47,69,43,39,8,0,1
1,35,57,53,54,45,8,0,1
0,47,65,42,41,42,7,0,1
0,71,41,57,69,71,8,0,1
0,56,58,51,71,53,8,0,1
0,69,34,44,54,75,6,0,1
0,32,72,50,39,58,8,0,1
1,69,46,53,69,64,8,0,1
2,59,51,46,39,63,6,0,1
0,50,50,60,50,48,7,0,1
0,64,53,74,36,73,7,0,0
0,51,75,69,48,54,6,0,1
0,41,56,51,69,47,8,0,1
1,59,58,62,60,60,7,0,1
0,35,35,52,39,35,6,0,1
0,72,44,38,64,36,7,0,0
1,60,34,35,41,58,8,0,1
0,54,74,53,52,40,8,0,1
2,65,41,40,66,39,7,0,1
0,38,52,47,46,45,6,0,0
1,48,39,74,67,58,8,0,1
0,40,58,74,57,60,6,0,1
1,52,36,46,62,44,7,0,0
0,42,47,44,39,43,7,0,0
0,48,72,41,31,48,7,0,0
1,54,52,75,67,51,8,0,1
1,57,62,34,37,43,8,0,1
0,66,63,37,33,37,6,0,0
1,42,37,52,69,48,8,0,1
0,70,41,60,39,64,7,0,0
1,60,46,75,34,48,6,0,0
0,73,52,45,36,46,6,0,0
0,54,43,54,50,47,8,0,1
1,73,63,40,52,61,8,0,1
0,63,64,46,61,39,8,0,1
0,46,67,73,55,74,8,0,1
0,57,73,67,37,69,6,0,0
0,32,69,55,61,40,8,0,1
1,70,69,40,47,39,6,0,0
0,61,32,37,60,71,8,0,1
1,30,75,56,73,46,8,0,1
1,35,55,37,56,59,8,0,1
0,57,64,68,71,43,6,0,0
0,31,39,69,36,33,6,0,1
1,51,64,34,51,75,6,0,1
1,43,64,32,44,40,8,0,1
0,75,32,61,48,67,6,0,0
0,56,70,57,69,31,8,0,1
0,32,53,64,49,33,6,0,0
0,67,33,53,44,65,6,0,0
0,70,32,72,73,58,6,0,1
0,36,73,48,55,41,7,0,0
1,49,60,42,38,58,7,0,1
0,54,58,67,54,71,6,0,0
2,72,33,36,58,38,8,0,1
1,43,54,46,49,70,6,0,0
0,35,66,38,38,67,7,0,0
0,62,71,51,37,42,7,0,0
0,33,51,57,64,31,6,0,0
0,65,39,55,61,39,6,0,0
0,34,55,72,52,75,7,0,0
0,71,30,32,63,63,6,0,0
1,57,37,45,43,51,5,1,0
1,74,46,54,63,58,5,1,0
0,55,45,32,75,39,5,0,0
0,50,44,70,48,31,5,0,0
2,52,38,31,70,33,5,1,0
0,60,60,33,52,53,6,0,1
1,52,35,32,55,74,6,0,0
0,75,52,50,35,48,5,1,0
1,64,32,68,71,60,6,0,0
1,43,38,57,66,45,5,1,0
1,68,49,45,67,35,5,1,0
1,68,48,48,74,66,6,0,1
0,65,74,37,35,63,5,0,0
1,57,34,48,70,56,5,0,0
0,62,64,60,49,50,5,0,0
1,36,60,59,56,54,5,1,0
1,37,58,66,64,62,5,0,0
0,60,59,74,71,69,5,1,0
0,72,64,71,68,74,6,0,0
0,74,54,63,38,35,6,0,1
0,46,37,56,59,31,6,0,1
1,74,71,39,42,38,6,0,1
1,75,60,61,42,53,5,0,0
1,60,70,61,61,42,6,0,0
0,53,58,73,58,55,5,1,0
0,75,39,54,35,37,6,0,0
0,42,72,45,32,46,5,0,0
0,47,58,58,60,74,6,0,0
1,64,51,34,40,62,5,0,0
2,66,64,30,71,67,6,0,1
1,66,68,58,59,56,6,0,0
2,48,39,42,61,68,6,0,1
0,55,65,65,68,57,5,0,0
0,38,53,47,50,47,6,0,0
1,50,44,35,44,32,5,0,0
0,44,51,74,68,56,6,0,1
0,67,46,44,44,52,5,0,0
0,48,56,64,75,33,5,1,0
1,63,32,74,53,43,6,0,0
0,32,45,38,70,41,6,0,0
2,75,35,64,48,45,5,1,0
3,60,74,73,43,35,6,0,1
1,57,43,58,47,42,5,1,0
1,42,64,36,56,68,6,0,0
0,34,55,46,39,66,6,0,0
0,69,55,69,35,67,6,0,1
1,54,53,66,44,49,6,0,1
0,35,73,43,52,30,6,0,0
0,43,44,62,48,70,6,0,0
1,40,30,68,51,52,6,0,0
0,53,61,35,72,64,6,0,0
0,42,70,61,68,39,6,0,1
0,37,71,56,66,34,6,0,0
1,56,70,69,52,36,6,0,1
1,49,58,45,52,65,5,1,0
0,44,70,66,45,40,5,1,0
1,56,36,63,30,73,5,1,0
1,71,32,62,32,40,6,0,0
1,41,69,44,36,55,6,0,0
0,55,43,30,49,56,5,1,0
0,68,51,59,57,65,6,0,0
1,63,74,74,62,43,6,0,0
0,65,38,57,55,71,5,0,0
1,56,38,71,70,39,6,0,0
0,48,32,57,72,60,6,0,0
0,64,51,37,41,56,6,0,0
0,64,47,51,43,68,6,0,0
1,73,51,51,37,75,8,0,1
3,67,72,34,68,42,7,0,0
2,30,63,37,67,38,7,0,1
0,63,66,65,44,46,7,0,0
1,36,60,30,42,71,7,0,0
1,75,44,74,60,65,6,0,0
1,60,31,51,72,69,6,0,0
0,63,37,46,72,32,8,0,1
1,74,61,75,48,49,6,0,0
1,68,75,44,55,54,6,0,0
0,54,36,48,61,59,7,0,0
1,72,43,32,74,47,8,0,1
1,45,47,72,33,41,8,0,1
1,50,73,54,38,42,7,0,0
1,47,75,44,59,73,6,0,0
0,73,49,36,56,31,7,0,0
2,75,69,68,41,48,6,0,1
0,69,51,31,41,42,8,0,1
1,38,44,56,75,46,6,0,0
0,41,35,41,59,59,8,0,1
0,42,66,71,47,66,8,0,1
1,31,59,39,38,30,8,0,1
0,39,30,43,49,50,8,0,1
1,51,40,35,42,33,7,0,0
1,54,69,30,74,56,6,0,0
0,51,34,37,75,44,7,0,0
1,54,38,74,44,56,6,0,0
1,42,69,45,69,65,6,0,0
1,41,48,65,46,63,6,0,0
0,44,42,66,62,58,6,0,1
0,56,58,46,73,50,8,0,1
0,42,67,51,67,36,6,0,0
1,32,30,59,64,42,6,0,1
0,54,62,46,44,45,7,0,0
0,57,36,32,65,55,7,0,1
0,73,34,38,50,44,8,0,1
0,55,32,49,31,60,6,0,1
1,71,68,72,47,68,6,0,1
1,39,37,45,63,64,6,0,0
1,63,74,61,63,56,8,0,1
0,53,37,52,48,54,6,0,0
1,71,37,63,64,38,6,0,0
0,66,74,60,69,50,6,0,1
2,35,32,61,73,47,8,0,1
1,52,62,42,48,70,8,0,1
0,40,39,40,54,55,7,0,0
0,75,71,56,57,61,8,0,1
1,52,37,66,67,44,6,0,0
0,74,42,36,67,52,8,0,1
0,58,63,65,55,37,7,0,0
1,55,72,56,43,54,7,0,0
0,36,62,63,51,63,6,0,0
0,72,66,42,70,59,7,0,0
0,46,41,74,69,66,8,0,1
1,40,41,71,66,63,6,0,0
0,50,32,73,32,66,7,0,0
1,67,73,35,68,43,6,0,0
1,71,53,34,37,50,7,0,1
0,59,62,40,32,67,6,0,1
1,44,51,69,65,75,7,0,0
1,56,56,74,57,36,8,0,1
1,63,54,51,44,43,8,0,1
0,44,73,67,40,57,7,0,0
1,47,62,33,48,66,7,0,0
0,40,49,35,58,60,7,0,0
2,34,63,72,35,56,6,0,1
1,36,49,31,62,68,8,0,1
1,30,55,65,61,48,8,0,1
1,36,54,47,67,30,6,0,0
0,40,48,40,59,39,8,0,1
0,47,55,70,70,32,7,0,0
0,62,70,62,54,61,8,0,1
0,44,69,53,40,61,7,0,0
0,45,38,68,33,57,6,0,0
0,43,43,52,72,71,7,0,0
1,59,48,44,51,43,6,0,0
0,32,48,61,60,48,6,0,0
1,39,64,73,39,37,6,0,0
0,73,60,65,64,53,8,0,1
0,66,73,52,63,51,6,0,0
0,33,48,63,41,47,7,0,0
1,60,71,35,44,30,7,0,0
1,45,74,44,64,57,6,0,0
2,52,53,36,75,57,8,0,1
2,56,55,74,52,33,8,0,1
2,54,52,31,33,32,8,0,1
0,65,67,53,49,64,8,0,1
1,61,66,52,59,59,8,0,1
0,33,51,67,72,72,7,0,0
0,47,73,35,32,42,6,0,0
0,75,39,68,74,71,7,0,0
0,48,73,74,44,31,6,0,0
1,60,54,45,64,65,7,0,1
1,45,59,33,65,70,6,0,0
2,54,35,74,44,66,7,0,1
1,54,47,41,34,64,7,0,0
1,33,66,47,46,70,7,0,0
1,52,54,67,55,45,7,0,0
0,33,33,35,49,38,7,0,0
1,55,58,43,49,62,7,0,0
0,45,58,32,51,56,7,0,0
1,37,64,58,56,34,7,0,0
0,42,43,56,48,40,6,0,0
1,66,54,62,33,69,7,0,1
0,60,46,55,52,53,7,0,0
1,69,64,33,51,69,7,0,1
1,72,56,51,43,68,8,0,1
0,68,35,57,49,36,7,0,0
2,38,48,35,42,46,7,0,1
0,30,67,61,51,51,6,0,0
0,49,66,67,56,64,8,0,1
0,46,64,63,71,36,6,0,0
0,70,37,50,47,54,8,0,1
0,47,55,72,53,62,6,0,0
0,73,40,34,45,30,6,0,0
2,48,75,45,31,54,6,0,1
1,62,62,34,38,44,7,0,0
0,43,48,35,40,44,8,0,1
0,33,30,30,65,59,6,0,0
0,71,57,41,55,71,6,0,1
1,40,36,66,46,55,6,0,1
1,33,56,40,32,66,8,0,1
1,75,31,49,72,43,6,0,0
2,36,43,70,32,31,8,0,1
0,75,52,41,68,65,8,0,1
1,41,54,54,46,54,6,0,0
0,50,41,30,57,59,6,0,0
1,41,74,57,33,62,8,0,1
1,58,31,49,64,33,8,0,1
0,73,50,41,56,44,7,0,0
0,34,64,55,39,69,7,0,0
2,44,59,32,43,58,6,0,1
0,35,74,30,35,66,8,0,1
0,44,67,75,30,35,8,0,1
2,63,72,51,31,73,8,0,1
1,74,37,31,55,39,7,0,1
0,71,53,72,68,67,7,0,1
1,53,36,45,39,56,8,0,1
2,73,51,39,48,54,7,0,1
0,38,58,74,55,59,7,0,0
1,71,70,60,70,44,8,0,1
1,42,36,72,63,31,8,0,1
1,36,64,31,34,41,7,0,1
0,37,32,35,74,34,7,0,1
0,60,34,73,59,36,8,0,1
0,59,35,75,38,62,8,0,1
1,44,69,51,56,66,8,0,1
1,55,43,31,53,41,8,0,1
0,41,62,34,55,46,7,0,0
0,64,67,75,59,65,8,0,1
1,56,58,47,70,62,7,0,0
0,33,48,60,73,37,8,0,1
0,41,35,46,57,38,7,0,0
1,62,44,42,57,64,8,0,1
1,33,40,32,40,30,8,0,1
1,44,39,41,53,58,8,0,1
0,66,48,60,50,53,8,0,1
0,48,64,40,64,74,8,0,1
0,30,69,53,72,47,8,0,1
1,66,49,59,73,55,7,0,1
1,40,45,46,52,60,7,0,1
0,70,36,30,59,46,8,0,1
3,61,64,53,65,42,7,0,0
0,72,33,49,49,66,7,0,0
0,74,36,71,31,46,7,0,0
1,62,53,60,49,47,7,0,0
1,34,52,71,45,61,8,0,1
0,59,39,60,53,53,8,0,1
1,73,57,66,71,47,8,0,1
2,60,45,54,65,47,7,0,0
1,35,75,45,32,72,8,0,1
1,53,59,66,69,70,8,0,1
1,68,73,42,41,55,8,0,1
1,60,43,63,71,32,8,0,1
1,35,35,68,57,75,7,0,1
0,50,30,73,75,50,8,0,1
0,41,34,34,63,59,7,0,0
1,74,39,44,57,56,7,0,0
3,69,61,59,64,67,7,0,0
0,75,60,49,64,44,7,0,0
1,71,59,61,51,33,7,0,1
0,41,62,37,43,58,7,0,1
3,75,55,69,41,30,8,0,1
2,55,59,30,63,66,8,0,1
1,33,38,37,70,52,8,0,1
1,50,42,74,51,50,8,0,1
0,74,35,60,36,41,8,0,1
1,61,36,52,34,42,8,0,1
1,50,74,63,34,38,8,0,1
1,32,39,70,55,49,7,0,0
1,72,55,63,33,60,7,0,0
1,30,49,66,49,72,8,0,1
1,49,73,69,57,48,7,0,0
0,41,36,69,55,40,7,0,0
2,55,69,52,34,53,7,0,1
0,39,50,70,54,52,7,0,0
0,34,67,70,34,64,8,0,1
0,55,57,32,64,40,7,0,0
0,69,52,53,50,54,8,0,1
0,65,48,63,62,60,8,0,1
1,46,32,44,65,60,8,0,1
1,67,56,39,72,69,7,0,0
0,31,74,72,58,47,7,0,0
1,64,36,52,50,51,8,0,1
1,70,73,44,31,52,8,0,1
1,36,51,37,72,45,8,0,1
1,43,34,41,44,73,8,0,1
0,65,56,65,61,67,7,0,0
0,72,44,69,54,35,8,0,1
1,64,40,56,62,49,8,0,1
1,74,52,37,67,60,7,0,0
1,37,40,35,47,43,8,0,1
0,41,61,57,64,72,8,0,1
1,41,48,41,51,31,8,0,1
0,65,40,40,48,37,8,0,1
0,64,63,39,60,38,7,0,0
2,66,42,31,44,66,8,0,1
1,39,53,51,31,55,7,0,0
0,50,42,42,67,63,8,0,1
0,40,64,47,30,44,8,0,1
0,39,36,74,50,37,7,0,0
0,41,39,63,70,54,7,0,0
1,65,68,35,65,44,8,0,1
0,70,44,42,47,50,8,0,1
2,34,44,41,49,47,7,0,0
1,47,48,59,64,70,7,0,0
1,63,61,66,48,42,7,0,0
0,64,42,71,46,38,8,0,1
0,70,66,48,52,59,8,0,1
1,58,44,45,33,50,7,0,0
1,69,45,71,63,72,8,0,1
0,46,66,46,38,36,8,0,1
1,39,55,72,56,70,7,0,0
0,30,72,37,51,65,7,0,1
0,44,47,33,50,31,8,0,1
1,33,70,46,67,44,8,0,1
0,31,50,60,67,30,8,0,1
1,74,45,31,48,44,8,0,1
0,35,58,54,42,74,7,0,0
0,52,41,57,75,59,8,0,1
2,39,47,49,42,66,8,0,1
0,68,62,35,62,56,7,0,1
0,68,58,45,73,48,6,0,0
0,35,75,54,52,73,8,0,1
1,66,60,38,30,36,7,0,1
0,38,61,74,37,32,8,0,1
0,52,48,35,34,30,6,0,0
0,55,38,54,73,74,7,0,0
0,68,38,54,61,57,8,0,1
0,54,32,32,60,63,6,0,0
1,46,42,53,69,38,6,0,0
0,37,69,32,39,39,6,0,0
0,62,63,51,68,50,7,0,0
1,63,72,40,71,49,7,0,0
0,38,39,56,30,69,8,0,1
1,68,51,32,51,71,8,0,1
1,69,35,42,33,40,7,0,0
0,67,36,74,62,50,8,0,1
1,42,46,50,41,47,6,0,0
0,52,59,36,33,36,7,0,0
0,60,72,44,43,40,6,0,0
1,50,59,66,59,58,8,0,1
1,34,50,52,40,31,7,0,0
2,35,66,35,40,43,8,0,1
0,74,70,43,72,49,6,0,0
1,60,34,42,36,61,6,0,0
0,58,48,74,30,59,6,0,0
3,65,70,36,60,49,6,0,1
0,35,56,61,45,45,7,0,0
0,39,74,56,44,32,6,0,0
1,49,56,72,52,45,8,0,1
0,68,64,51,59,30,7,0,0
2,48,56,35,51,51,7,0,1
1,53,61,43,52,62,6,0,0
2,46,34,36,35,57,6,0,0
2,42,55,67,73,44,6,0,1
1,69,56,38,55,37,8,0,1
0,41,34,52,73,48,7,0,0
0,71,69,37,46,30,6,0,0
2,71,65,38,50,45,7,0,0
1,69,30,44,47,69,6,0,0
1,34,37,43,58,36,7,0,1
0,61,61,48,65,57,8,0,1
1,41,32,62,47,74,7,0,0
1,32,57,48,72,61,8,0,1
0,42,34,44,50,56,6,0,0
2,35,71,36,55,55,8,0,1
0,69,75,62,56,59,6,0,0
0,54,70,35,62,71,8,0,1
1,55,61,71,61,49,6,0,0
2,75,42,70,64,48,8,0,1
1,35,70,72,54,36,7,0,0
0,36,60,50,46,49,8,0,1
0,73,52,68,74,61,8,0,1
0,62,65,38,44,55,6,0,0
2,39,68,60,55,75,6,0,1
1,41,44,64,64,39,8,0,1
0,55,53,61,75,49,7,0,0
2,38,68,34,74,39,7,0,0
2,41,36,53,72,48,6,0,1
0,52,72,55,62,45,6,0,0
0,46,34,66,64,49,7,0,0
2,34,34,33,58,59,6,0,1
0,66,55,32,48,57,8,0,1
0,51,38,40,63,55,8,0,1
2,68,30,65,33,47,7,0,0
0,59,68,73,68,70,8,0,1
0,39,64,51,35,75,8,0,1
3,49,31,67,73,38,7,0,1
0,40,58,63,75,58,6,0,0
2,32,67,60,34,43,6,0,1
2,56,58,59,66,58,8,0,1
1,41,68,37,62,66,7,0,1
0,72,40,43,55,56,6,0,0
0,51,52,65,30,38,6,0,0
0,63,33,37,39,58,8,0,1
1,32,59,56,47,72,6,0,0
0,69,75,49,46,61,8,0,1
1,39,37,53,70,65,7,0,0
0,61,54,48,36,62,6,0,0
1,38,35,33,33,43,6,0,0
2,37,58,50,43,35,7,0,1
1,59,53,56,30,48,7,0,1
0,43,39,58,40,56,6,0,0
0,42,56,51,31,57,8,0,1
1,58,58,44,73,55,8,0,1
0,40,53,59,35,50,6,0,0
1,72,75,59,68,38,7,0,0
2,52,64,54,39,70,7,0,0
1,51,45,39,40,42,8,0,1
1,72,35,60,33,61,7,0,0
2,58,45,57,62,31,7,0,1
1,70,48,59,67,40,8,0,1
1,47,47,50,44,66,9,0,1
0,57,47,38,48,67,6,0,0
1,69,66,67,58,74,9,0,1
0,47,65,64,55,31,7,0,0
1,47,59,40,62,35,6,0,1
0,49,71,72,32,68,6,0,0
0,47,57,72,75,46,8,0,1
0,64,30,37,64,46,7,0,0
0,36,58,70,62,54,5,1,0
0,44,75,52,47,74,7,0,0
0,37,44,54,42,31,9,0,1
2,35,35,46,63,75,8,0,1
0,68,57,36,60,60,9,0,1
3,59,42,64,52,48,6,0,1
1,60,48,58,70,73,6,0,1
1,43,56,35,53,54,9,0,1
1,61,45,70,45,67,7,0,1
1,67,33,68,73,63,5,0,0
0,61,49,53,48,41,5,0,0
1,50,55,59,46,69,5,1,0
0,46,53,64,34,64,5,1,0
0,55,30,65,41,38,9,0,1
0,61,44,65,49,31,8,0,1
1,42,71,41,74,51,5,0,0
0,32,56,61,38,53,5,1,0
1,70,55,43,50,47,8,0,1
0,32,60,55,58,73,8,0,1
2,39,34,58,39,37,5,1,0
0,36,73,68,67,47,6,0,0
0,58,37,63,37,53,9,0,1
1,39,30,41,58,36,7,0,0
0,64,32,71,62,62,5,0,0
0,39,50,39,41,64,9,0,1
0,30,37,37,53,72,6,0,1
1,72,37,63,66,50,9,0,1
1,49,75,56,67,40,7,0,1
0,40,67,52,55,69,5,0,0
1,53,57,72,36,52,8,0,1
1,69,32,75,31,47,6,0,1
1,59,37,58,62,45,8,0,1
1,34,59,46,50,47,9,0,1
0,55,51,66,55,74,6,0,1
0,53,30,75,63,50,9,0,1
1,51,30,39,61,47,6,0,1
1,74,59,62,72,49,9,0,1
0,50,30,58,56,64,9,0,1
2,52,57,59,64,30,8,0,1
1,46,41,74,53,30,9,0,1
0,68,36,68,41,74,8,0,1
1,42,75,49,34,68,7,0,1
0,56,50,67,54,57,8,0,1
0,65,73,55,71,71,5,1,0
3,48,73,31,63,47,9,0,1
1,51,55,70,43,73,7,0,1
0,70,73,36,57,48,9,0,1
0,70,49,50,43,52,7,0,1
0,72,39,57,40,57,7,0,0
1,60,37,61,67,35,8,0,1
1,74,62,74,46,62,8,0,1
0,38,46,53,37,64,6,0,0
0,60,56,46,62,54,7,0,0
0,62,32,33,70,44,8,0,1
1,45,64,39,30,67,9,0,1
1,65,31,45,68,42,9,0,1
0,36,48,41,43,33,6,0,1
2,39,53,63,31,36,7,0,1
0,59,50,61,66,57,5,0,0
0,65,39,30,48,45,7,0,0
0,38,67,46,31,43,6,0,0
1,45,71,43,54,31,5,1,0
1,36,69,49,61,59,9,0,1
3,61,43,70,51,42,7,0,1
0,39,37,59,70,36,5,0,0
0,57,59,57,41,37,9,0,1
1,36,73,59,67,70,6,0,1
1,59,51,59,74,44,5,0,0
0,50,73,73,64,32,7,0,0
3,63,34,69,58,48,9,0,1
0,49,53,51,32,68,5,0,0
2,74,60,73,44,59,7,0,0
3,56,60,31,58,44,9,0,1
0,31,55,71,61,46,8,0,1
1,53,66,69,46,71,6,0,1
1,48,55,45,41,74,9,0,1
2,75,64,75,37,40,9,0,1
1,65,59,67,51,74,8,0,1
1,39,67,44,48,74,7,0,1
1,62,33,63,68,75,6,0,0
0,34,45,32,52,30,6,0,0
1,73,54,54,55,66,8,0,1
1,33,40,66,48,37,7,0,0
1,30,39,57,40,46,6,0,0
0,56,58,42,33,50,7,0,0
1,64,47,71,31,31,8,0,1
1,58,38,59,49,37,6,0,0
1,45,66,74,60,74,6,0,0
2,75,55,50,69,64,6,0,1
1,40,74,48,44,62,6,0,0
0,69,62,42,42,30,7,0,0
0,48,66,73,39,35,8,0,1
0,74,60,45,38,38,7,0,0
1,44,61,34,38,64,7,0,1
0,61,62,43,34,50,7,0,0
2,65,74,61,34,74,7,0,1
0,53,72,44,70,73,6,0,0
1,73,63,40,70,58,6,0,1
0,54,55,33,53,75,7,0,1
1,55,71,68,71,59,7,0,1
0,70,33,72,66,37,6,0,0
0,74,54,75,50,55,7,0,1
0,33,54,63,48,70,7,0,0
0,45,55,69,42,67,6,0,1
1,67,51,55,73,42,8,0,1
0,69,46,31,37,49,6,0,0
2,64,71,40,54,72,8,0,1
0,50,31,63,43,59,7,0,0
1,69,32,41,52,50,6,0,1
3,32,68,75,50,66,6,0,1
0,45,50,39,53,58,7,0,0
0,53,47,56,50,51,8,0,1
2,59,62,61,70,34,8,0,1
1,71,39,68,68,44,6,0,0
0,45,45,69,46,49,7,0,1
0,36,74,68,47,67,6,0,0
0,72,51,32,55,44,7,0,0
0,62,33,60,56,38,8,0,1
0,50,66,72,60,40,8,0,1
1,34,64,52,60,56,8,0,1
1,39,71,63,57,42,6,0,0
0,75,50,53,61,38,8,0,1
0,54,30,61,40,41,6,0,0
0,70,46,67,66,64,6,0,0
1,37,63,61,73,42,8,0,1
1,66,72,50,38,37,6,0,1
0,56,32,70,52,59,8,0,1
0,39,34,68,60,31,8,0,1
1,65,42,42,31,74,6,0,0
1,40,40,50,39,37,6,0,0
0,44,65,35,34,45,6,0,0
1,57,54,37,69,36,6,0,0
0,37,30,53,61,33,8,0,1
1,30,67,74,34,33,8,0,1
1,38,43,33,42,63,8,0,1
0,58,58,56,65,75,7,0,1
0,65,50,50,32,37,8,0,1
1,40,43,34,63,73,6,0,0
1,42,53,36,61,49,8,0,1
1,57,54,31,74,33,7,0,1
0,31,51,32,75,54,7,0,0
0,75,65,36,52,40,8,0,1
0,39,56,47,54,40,7,0,0
0,69,33,50,54,69,6,0,0
2,45,44,55,36,33,7,0,1
0,45,30,54,40,65,7,0,0
1,51,62,39,30,45,6,0,0
1,31,69,44,64,75,6,0,1
1,68,41,57,60,37,7,0,1
1,59,36,70,37,69,6,0,1
0,66,60,65,42,70,7,0,1
0,53,49,71,59,69,7,0,0
1,69,30,61,69,65,7,0,0
0,72,44,33,43,30,8,0,1
1,54,66,37,47,30,8,0,1
2,58,56,55,63,50,8,0,1
0,44,71,68,38,72,6,0,0
1,46,58,60,52,34,7,0,1
1,31,63,41,30,75,7,0,0
3,62,43,31,45,50,6,0,0
2,48,71,39,48,35,7,0,1
2,50,50,65,64,64,6,0,1
1,48,73,69,42,56,6,0,0
1,44,38,54,60,49,8,0,1
0,58,55,70,34,65,8,0,1
1,32,32,74,74,72,7,0,0
0,49,72,51,75,57,8,0,1
1,39,44,53,61,43,8,0,1
0,51,45,37,75,36,6,0,0
0,62,31,53,37,45,6,0,0
0,54,32,66,50,56,8,0,1
1,57,52,57,62,74,6,0,0
0,63,48,49,50,72,7,0,0
0,69,35,61,50,68,6,0,0
1,66,48,49,57,58,8,0,1
0,68,54,35,75,45,7,0,0
1,48,31,58,32,60,7,0,0
1,30,34,40,48,58,7,0,1
0,67,38,62,44,41,6,0,0
1,64,55,53,74,68,7,0,0
1,31,31,30,56,65,8,0,1
1,36,49,64,43,55,7,0,0
1,64,67,53,36,70,7,0,0
0,71,48,55,73,65,7,0,0
1,37,38,73,36,73,6,0,0
0,65,36,34,46,75,6,0,0
0,44,56,71,40,53,7,0,0
0,69,75,68,43,48,7,0,1
2,45,43,49,53,37,7,0,1
0,65,73,62,32,65,8,0,1
1,50,30,56,61,52,6,0,0
0,44,63,41,59,34,8,0,1
1,59,69,62,51,49,7,0,0
0,49,49,71,62,59,6,0,0
0,36,41,45,35,54,6,0,0
0,53,40,47,61,64,7,0,0
0,30,36,32,53,36,7,0,0
0,50,54,69,58,46,7,0,0
0,74,54,30,40,40,8,0,1
1,62,42,53,36,46,8,0,1
1,56,53,38,54,56,7,0,1
2,50,34,54,62,67,8,0,1
0,45,37,57,47,30,8,0,1
1,49,68,32,48,41,7,0,1
1,60,62,68,54,58,7,0,0
1,33,40,35,62,69,6,0,0
1,61,68,44,31,38,8,0,1
0,36,32,59,74,35,6,0,0
0,69,33,56,70,63,6,0,0
0,75,50,74,46,37,6,0,0
0,59,56,36,63,30,7,0,0
0,35,33,49,41,59,7,0,0
0,63,74,62,36,45,8,0,1
2,69,56,50,74,46,8,0,1
1,42,30,50,34,36,7,0,0
1,30,67,36,58,32,6,0,0
0,41,59,62,73,46,7,0,0
0,55,33,43,31,66,8,0,1
1,42,33,55,55,40,6,0,0
2,48,65,38,60,51,7,0,1
1,49,56,73,63,68,7,0,0
0,67,67,68,45,51,8,0,1
1,54,42,72,66,63,6,0,0
1,57,60,33,67,68,6,0,0
0,71,75,65,75,33,6,0,0
1,32,41,50,51,75,8,0,1
1,51,31,67,62,48,6,0,0
0,43,58,52,70,74,6,0,0
1,64,51,53,31,48,6,0,0
0,72,56,43,71,50,6,0,0
1,58,41,33,44,52,8,0,1
0,59,35,72,41,68,6,0,0
1,35,35,51,51,57,6,0,0
0,36,53,42,48,61,7,0,0
0,69,39,73,72,45,6,0,0
0,59,69,48,50,58,8,0,1
0,32,74,66,30,69,8,0,1
2,44,73,43,54,38,7,0,1
1,75,50,66,64,74,6,0,0
1,42,44,51,49,48,6,0,0
0,38,50,63,39,42,8,0,1
0,60,75,34,57,33,8,0,1
0,69,63,37,64,70,6,0,0
1,42,38,65,37,43,7,0,0
2,45,68,52,44,65,7,0,1
2,73,49,42,46,60,8,0,1
1,55,63,35,54,41,7,0,0
0,32,75,56,44,52,7,0,1
1,67,47,35,39,33,8,0,1
1,59,43,33,72,59,6,0,0
1,74,37,54,52,47,8,0,1
0,53,34,36,40,30,7,0,0
0,75,40,38,63,67,7,0,0
0,40,36,60,64,41,8,0,1
0,66,43,66,74,74,6,0,0
1,59,61,52,66,49,7,0,1
0,47,69,42,51,49,8,0,1
0,57,70,75,54,75,7,0,0
0,38,74,59,53,37,8,0,1
1,50,59,31,42,64,7,0,0
1,57,55,35,48,64,8,0,1
0,66,68,42,38,74,6,0,0
1,31,54,51,41,46,8,0,1
3,43,34,38,67,68,6,0,0
0,71,69,70,36,70,8,0,1
1,73,50,64,42,75,7,0,0
1,70,67,51,53,59,6,0,0
1,32,45,60,32,63,8,0,1
1,59,41,64,43,45,6,0,0
0,32,75,38,43,48,8,0,1
0,32,33,37,57,69,6,0,0
1,61,49,65,55,75,6,0,0
1,72,61,66,52,44,8,0,1
2,65,39,63,46,56,6,0,1
0,65,39,63,72,34,7,0,0
0,63,59,73,50,60,6,0,0
0,33,63,58,57,41,6,0,0
1,46,49,37,56,64,8,0,1
1,45,68,33,35,58,6,0,0
1,44,37,69,61,65,7,0,0
1,64,44,32,54,44,7,0,1
0,38,65,57,48,30,8,0,1
1,73,67,40,58,45,7,0,0
0,33,34,42,62,58,6,0,0
1,37,64,36,50,36,7,0,0
1,39,42,57,50,54,6,0,0
0,66,49,68,51,32,6,0,0
0,62,65,55,55,70,7,0,0
1,50,75,63,58,44,7,0,0
0,71,36,46,73,67,8,0,1
0,74,56,72,54,65,6,0,0
0,69,54,71,38,47,7,0,0
1,32,49,72,48,32,6,0,0
0,67,31,73,63,65,6,0,0
2,41,34,33,60,59,8,0,1
1,32,41,52,55,62,8,0,1
0,63,63,59,67,32,6,0,0
1,74,41,56,73,60,7,0,0
0,55,53,33,65,36,8,0,1
1,44,58,75,66,48,8,0,1
0,62,49,45,53,48,7,0,0
0,72,71,59,69,30,6,0,0
0,36,49,52,45,63,8,0,1
1,53,46,45,49,69,6,0,0
2,66,75,43,43,57,7,0,0
0,48,52,68,46,54,6,0,0
0,71,71,39,72,70,6,0,0
1,32,59,68,47,65,7,0,0
2,42,57,44,57,66,6,0,1
0,32,69,71,71,69,7,0,0
1,58,35,54,40,56,8,0,1
1,68,35,39,44,55,6,0,0
0,31,47,34,54,65,6,0,0
0,57,75,47,68,32,7,0,0
0,70,33,47,43,33,8,0,1
0,69,44,40,72,64,7,0,0
1,41,41,46,40,30,6,0,0
1,56,50,59,55,66,8,0,1
1,46,56,30,39,75,6,0,0
1,56,48,73,36,64,8,0,1
0,57,70,48,45,32,6,0,0
0,54,55,48,67,65,8,0,1
0,75,66,70,58,44,6,0,0
1,68,64,49,53,70,6,0,0
0,48,63,59,47,70,6,0,0
1,59,40,50,64,73,8,0,1
1,65,64,71,53,32,6,0,0
1,33,58,45,57,67,7,0,0
0,54,53,70,56,61,8,0,1
1,70,50,58,44,42,8,0,1
1,65,70,37,68,69,6,0,0
0,39,58,31,51,64,8,0,1
1,60,57,73,64,48,8,0,1
0,49,45,72,52,48,6,0,0
0,57,73,62,68,62,8,0,1
0,52,44,49,52,39,8,0,1
0,30,50,38,43,47,8,0,1
0,45,52,39,34,38,6,0,0
0,55,40,41,38,66,6,0,1
1,34,34,62,68,71,7,0,0
0,49,57,49,41,40,6,0,0
1,63,37,53,62,62,6,0,0
1,56,62,54,32,72,7,0,0
0,43,58,72,61,42,7,0,0
1,59,35,35,74,57,6,0,0
1,31,70,45,30,56,7,0,0
0,49,63,56,31,42,8,0,1
0,61,30,74,34,62,7,0,0
0,55,54,58,30,30,8,0,1
0,64,38,46,31,34,7,0,0
1,36,40,30,45,74,8,0,1
1,41,35,72,51,33,6,0,0
1,47,39,45,71,42,8,0,1
0,69,66,71,71,37,7,0,0
1,74,55,70,64,37,6,0,0
1,35,43,36,45,66,6,0,0
1,47,67,52,73,72,8,0,1
2,39,43,44,67,33,8,0,1
1,69,51,65,42,37,6,0,0
0,55,55,54,39,71,7,0,0
0,55,36,64,53,37,8,0,1
1,33,48,46,31,64,8,0,1
2,41,64,43,62,50,6,0,1
0,65,43,49,50,40,6,0,0
1,61,53,40,70,56,7,0,0
1,70,53,45,69,60,8,0,1
1,43,66,61,49,70,7,0,0
0,66,40,39,57,45,7,0,0
2,48,54,47,72,56,7,0,0
1,35,38,59,36,43,7,0,1
0,75,64,73,38,51,6,0,0
0,34,55,56,63,32,6,0,0
1,60,61,32,71,75,6,0,0
1,44,71,71,74,67,7,0,0
0,62,72,60,50,40,6,0,0
0,48,54,54,39,62,7,0,0
0,48,60,34,56,73,7,0,0
1,60,40,59,49,38,8,0,1
1,70,57,35,49,50,6,0,0
0,75,70,38,57,38,8,0,1
3,51,71,55,53,60,7,0,0
0,64,48,40,61,66,8,0,1
2,41,58,64,51,70,7,0,0
1,47,64,54,43,38,6,0,0
0,45,65,53,64,37,6,0,0
0,49,36,74,71,32,6,0,0
0,36,30,70,30,72,6,0,0
0,32,44,53,50,53,6,0,0
0,31,56,51,57,69,7,0,0
0,71,63,62,46,36,7,0,0
0,72,55,59,41,45,7,0,0
2,72,64,54,31,45,6,0,1
0,45,72,70,30,58,7,0,0
0,52,62,51,46,74,8,0,1
1,53,32,31,49,48,7,0,1
2,41,39,31,64,61,7,0,1
0,59,75,75,63,44,8,0,1
0,70,41,46,67,41,8,0,1
0,53,50,65,42,30,7,0,0
0,31,74,33,65,40,8,0,1
0,46,55,54,43,75,7,0,0
2,41,64,66,53,41,6,0,1
1,70,55,38,50,67,6,0,0
0,75,31,75,74,43,8,0,1
0,65,66,61,49,34,7,0,0
0,53,51,41,31,56,7,0,0
2,50,63,62,36,52,7,0,0
0,69,47,68,65,65,6,0,0
1,74,33,58,50,41,6,0,0
0,67,67,53,69,50,8,0,1
1,65,60,43,72,75,8,0,1
0,51,43,64,50,35,8,0,1
2,74,31,45,69,62,6,0,1
1,42,57,63,35,63,8,0,1
0,30,38,53,72,56,8,0,1
1,75,39,49,68,59,7,0,0
0,56,57,64,49,45,6,0,0
0,75,34,75,54,75,7,0,0
1,65,64,36,41,71,6,0,0
0,45,61,65,66,32,6,0,0
0,62,44,71,53,75,6,0,0
1,46,40,57,57,49,8,0,1
1,41,54,45,31,71,6,0,0
0,75,42,71,67,36,8,0,1
1,34,63,46,53,72,6,0,0
0,43,70,65,59,51,7,0,0
1,65,57,65,70,73,7,0,1
3,33,58,46,33,32,6,0,1
0,45,68,48,38,37,7,0,0
1,41,68,45,61,30,8,0,1
1,67,44,52,59,41,7,0,1
0,50,46,33,42,61,7,0,0
1,72,55,54,59,58,8,0,1
1,53,58,31,44,68,8,0,1
0,60,43,42,70,70,7,0,1
0,43,61,74,33,52,6,0,0
2,74,66,33,34,62,6,0,1
0,67,62,52,40,69,7,0,0
0,57,42,41,65,56,6,0,0
0,48,60,61,71,49,6,0,0
1,66,52,30,35,63,6,0,0
0,63,41,61,60,59,7,0,0
3,68,34,54,67,55,8,0,1
0,53,34,57,64,44,7,0,0
1,38,50,32,58,47,6,0,0
1,53,48,38,60,37,8,0,1
1,56,55,60,70,33,6,0,0
1,66,38,56,57,69,7,0,0
1,39,70,38,32,67,8,0,1
1,39,70,41,47,43,8,0,1
0,31,30,39,65,57,8,0,1
0,72,58,59,67,47,6,0,0
1,46,45,63,66,73,8,0,1
0,66,73,55,53,44,8,0,1
0,68,62,53,72,38,6,0,0
0,58,70,38,33,52,8,0,1
0,30,44,41,43,30,6,0,0
1,31,58,56,65,52,6,0,0
0,68,74,52,61,47,6,0,0
1,51,44,66,42,58,8,0,1
1,73,60,32,33,66,8,0,1
1,56,48,75,68,65,8,0,1
0,31,74,68,50,61,7,0,0
0,71,50,52,31,61,7,0,0
0,54,49,58,59,73,7,0,1
1,65,70,37,63,36,8,0,1
1,37,64,68,57,68,8,0,1
1,47,50,31,44,56,8,0,1
0,49,45,47,63,68,7,0,0
2,33,70,33,38,75,6,0,1
1,71,36,33,46,51,7,0,0
1,40,43,43,72,73,6,0,0
2,58,45,57,58,53,6,0,1
1,39,74,73,48,51,7,0,0
0,69,65,41,31,33,6,0,0
0,50,40,36,47,59,7,0,0
2,57,31,30,39,32,7,0,0
0,55,42,44,53,43,7,0,0
0,75,62,74,52,54,7,0,0
0,73,45,64,49,48,7,0,1
1,64,59,38,37,62,8,0,1
0,45,57,42,33,72,6,0,0
1,73,44,57,62,63,8,0,1
0,64,49,60,32,32,7,0,0
1,64,69,49,70,47,7,0,0
0,37,74,35,33,33,8,0,1
0,34,70,61,47,39,7,0,0
1,60,75,32,56,34,7,0,0
0,48,74,64,40,44,6,0,0
2,61,32,70,68,59,6,0,0
0,49,69,69,56,35,7,0,0
1,39,41,74,52,40,7,0,0
0,59,31,50,71,46,7,0,0
1,44,46,43,40,70,8,0,1
0,46,50,50,75,48,7,0,0
2,33,71,34,41,65,9,0,1
1,60,43,75,70,61,9,0,1
0,69,44,31,67,70,9,0,1
2,65,36,64,35,58,9,0,1
0,38,69,65,50,63,8,0,1
1,34,68,48,59,70,8,0,1
1,75,44,34,34,32,8,0,1
0,63,65,52,73,47,7,0,1
1,34,61,54,65,37,9,0,1
3,38,47,51,33,60,7,0,1
1,69,68,30,42,47,8,0,1
0,59,63,41,33,42,7,0,0
2,48,53,41,39,69,7,0,1
1,71,42,70,61,37,7,0,0
2,44,43,56,54,66,8,0,1
0,64,30,69,43,33,8,0,1
0,38,46,42,65,44,7,0,0
0,41,30,31,35,53,8,0,1
1,50,60,75,59,49,9,0,1
0,30,74,65,67,74,7,0,0
0,54,63,40,75,70,7,0,0
1,58,59,60,31,74,7,0,0
1,65,30,71,64,54,8,0,1
0,36,36,74,59,66,9,0,1
1,48,31,61,47,43,9,0,1
1,48,42,69,63,53,9,0,1
1,52,42,69,43,47,9,0,1
1,50,63,65,74,35,8,0,1
1,42,42,32,60,66,9,0,1
1,32,63,51,33,49,8,0,1
1,52,55,39,52,38,8,0,1
0,70,67,71,57,52,8,0,1
1,74,44,55,71,30,9,0,1
0,71,70,55,56,43,9,0,1
0,35,44,60,65,47,8,0,1
0,34,75,74,32,44,7,0,0
0,38,50,34,42,42,9,0,1
1,49,67,60,37,45,8,0,1
2,48,42,75,75,49,9,0,1
0,63,75,66,37,74,7,0,0
1,69,69,53,56,70,9,0,1
0,64,39,68,33,49,9,0,1
1,45,51,71,59,41,7,0,1
1,54,51,43,46,51,7,0,0
0,69,71,67,39,59,7,0,0
0,47,55,68,31,41,9,0,1
0,43,58,47,50,68,9,0,1
0,60,44,41,39,39,8,0,1
0,46,70,50,75,44,9,0,1
1,52,59,73,50,55,8,0,1
0,71,43,36,45,56,8,0,1
3,52,69,69,51,35,9,0,1
1,50,55,72,74,62,7,0,0
1,61,40,53,46,32,7,0,0
1,73,31,53,52,48,9,0,1
3,75,30,39,62,47,8,0,1
0,50,75,60,57,35,8,0,1
0,52,71,63,54,41,9,0,1
3,57,41,45,62,56,9,0,1
1,37,71,44,32,47,8,0,1
0,59,62,38,40,44,9,0,1
1,47,67,62,49,36,8,0,1
1,67,57,31,37,73,9,0,1
2,44,40,45,73,52,9,0,1
1,53,35,54,33,75,7,0,1
0,74,39,37,31,36,9,0,1
0,39,60,67,70,30,8,0,1
0,52,71,74,64,46,9,0,1
0,34,51,60,50,66,7,0,0
1,49,43,47,41,42,7,0,1
1,57,47,67,63,44,8,0,1
0,47,34,33,74,38,7,0,1
0,73,34,43,50,39,8,0,1
0,65,36,43,44,34,8,0,1
0,71,69,65,42,54,9,0,1
1,73,43,75,53,58,7,0,1
2,63,72,46,57,52,7,0,1
2,71,49,45,37,56,8,0,1
0,65,68,75,56,72,9,0,1
1,63,40,67,50,34,8,0,1
0,64,58,68,67,73,9,0,1
0,75,34,65,63,44,7,0,1
0,52,43,30,41,31,8,0,1
0,54,75,42,45,40,8,0,1
2,69,33,52,46,51,7,0,1
1,62,68,65,30,53,8,0,1
1,56,74,71,50,45,7,0,0
1,65,70,74,68,56,7,0,0
2,38,64,68,54,62,8,0,1
1,65,66,69,71,64,8,0,1
2,48,74,40,36,30,7,0,1
0,54,57,64,38,75,9,0,1
2,32,52,33,38,62,8,0,1
1,31,61,37,71,37,7,0,0
1,41,64,66,46,49,9,0,1
1,54,31,66,71,74,7,0,1
1,41,54,64,66,64,9,0,1
0,49,36,30,42,59,9,0,1
0,36,51,71,55,46,8,0,1
0,56,61,37,41,34,8,0,1
1,39,66,30,51,60,7,0,1
0,44,48,55,39,46,9,0,1
1,58,39,38,43,49,7,0,0
0,59,69,40,30,74,7,0,0
1,56,61,44,62,31,8,0,1
0,34,31,42,71,41,8,0,1
1,49,63,59,70,70,8,0,1
0,38,44,38,51,55,7,0,0
0,35,59,62,42,74,9,0,1
3,39,52,31,37,51,8,0,1
0,57,68,72,69,35,9,0,1
0,64,58,59,36,66,7,0,0
1,67,31,39,33,35,7,0,1
0,46,63,53,68,33,8,0,1
1,30,40,34,70,41,9,0,1
0,46,56,54,36,58,7,0,0
0,65,52,69,65,34,9,0,1
1,31,40,61,74,59,9,0,1
1,70,61,70,60,55,8,0,1
1,59,37,72,52,33,7,0,0
1,65,75,72,75,67,8,0,1
0,66,43,54,54,49,8,0,1
0,55,31,69,70,42,7,0,0
0,56,51,74,38,51,7,0,0
2,74,59,53,33,48,7,0,0
0,45,65,61,60,62,9,0,1
0,32,61,40,52,74,8,0,1
0,44,62,59,40,47,7,0,1
1,72,70,31,69,63,9,0,1
1,30,74,59,65,39,7,0,0
1,55,51,65,58,48,9,0,1
0,62,54,63,59,57,7,0,0
1,33,49,53,55,41,7,0,0
2,35,47,64,41,41,8,0,1
1,56,31,52,64,32,7,0,1
0,57,61,61,71,49,8,0,1
2,51,50,36,32,41,8,0,1
0,63,34,74,70,30,8,0,1
0,46,48,38,55,64,8,0,1
0,31,60,61,64,65,8,0,1
0,32,67,61,68,58,6,0,0
1,66,72,71,33,31,6,0,0
1,62,71,54,59,65,6,0,0
0,53,67,43,50,64,6,0,0
1,74,46,57,74,63,6,0,0
0,50,68,36,53,33,8,0,1
1,47,69,44,75,35,6,0,0
0,69,64,75,65,52,7,0,0
2,50,61,55,70,72,8,0,1
0,60,43,41,42,40,6,0,0
2,74,63,61,63,65,8,0,1
1,34,54,39,44,72,7,0,0
1,49,63,50,34,61,7,0,0
0,63,44,57,59,40,8,0,1
1,50,61,42,53,69,7,0,0
0,62,54,44,39,47,8,0,1
0,38,54,61,55,62,7,0,0
1,70,75,35,49,30,7,0,1
1,34,52,50,42,45,7,0,0
0,34,46,42,59,42,8,0,1
1,59,69,47,63,32,8,0,1
0,60,40,43,55,43,8,0,1
1,56,62,49,36,47,7,0,0
0,32,74,57,63,36,8,0,1
0,59,43,67,41,68,8,0,1
0,66,51,34,68,45,6,0,0
0,69,51,71,47,31,6,0,0
2,34,43,59,40,30,8,0,1
0,53,36,62,55,56,6,0,0
0,48,40,71,34,31,8,0,1
1,46,58,43,66,65,8,0,1
0,49,63,56,56,71,6,0,0
1,56,50,70,39,62,7,0,0
0,62,45,56,52,74,8,0,1
1,41,32,47,55,47,8,0,1
0,48,70,45,55,61,6,0,0
0,65,33,40,35,55,7,0,0
0,41,38,69,31,50,7,0,0
0,36,36,60,38,72,6,0,0
0,54,65,72,60,75,6,0,0
0,52,65,48,38,38,7,0,0
1,73,71,70,53,36,6,0,0
1,44,71,48,43,64,8,0,1
1,72,58,48,66,30,6,0,0
1,39,59,39,46,38,6,0,0
1,42,60,46,73,61,8,0,1
0,35,34,53,74,60,6,0,0
1,58,30,46,34,60,6,0,0
2,71,30,37,72,44,6,0,1
1,30,70,71,47,63,6,0,0
0,64,38,53,32,59,7,0,1
1,44,58,54,35,48,8,0,1
0,66,41,36,62,64,8,0,1
0,58,34,51,46,53,8,0,1
1,65,74,33,60,62,8,0,1
0,56,43,36,51,45,8,0,1
1,38,31,39,40,71,8,0,1
0,33,69,40,31,61,8,0,1
0,61,57,59,33,32,7,0,0
0,34,66,59,63,73,6,0,0
1,58,53,72,66,50,6,0,0
1,56,56,48,42,38,7,0,0
1,47,61,69,67,51,8,0,1
0,40,46,35,39,74,6,0,0
1,33,62,62,70,69,6,0,0
1,34,47,58,54,30,8,0,1
1,31,70,52,38,39,7,0,0
0,72,46,72,53,52,7,0,0
2,38,37,75,33,64,6,0,1
0,72,53,65,32,64,7,0,0
1,75,44,41,31,45,7,0,0
0,58,55,40,30,49,6,0,0
1,54,58,72,33,50,8,0,1
0,72,53,61,64,71,7,0,0
1,51,57,34,66,65,6,0,0
1,68,71,70,37,45,7,0,0
0,52,69,60,55,57,6,0,0
1,63,57,59,41,30,7,0,0
0,52,69,71,59,32,7,0,0
1,63,51,70,71,38,8,0,1
1,45,43,72,39,31,7,0,0
0,65,42,30,74,49,6,0,0
0,60,64,47,40,46,7,0,0
1,47,38,66,69,38,8,0,1
0,52,54,32,66,57,6,0,0
1,59,50,62,32,45,6,0,0
2,34,39,65,44,75,8,0,1
3,69,50,36,66,53,8,0,1
1,43,58,31,75,36,7,0,1
1,48,45,73,37,31,8,0,1
1,34,54,33,72,74,6,0,0
0,36,72,55,56,47,6,0,0
0,60,72,54,59,35,6,0,0
1,65,67,58,49,51,6,0,0
0,69,36,36,30,31,7,0,0
1,65,59,72,47,42,7,0,1
0,64,61,67,67,59,6,0,0
0,53,39,57,75,69,6,0,0
1,44,63,47,49,65,7,0,0
0,34,47,75,63,36,7,0,0
0,75,59,38,59,46,8,0,1
1,44,65,53,47,39,6,0,0
0,35,58,65,34,39,7,0,0
0,62,53,41,50,68,7,0,0
0,72,68,46,33,70,8,0,1
1,56,50,30,40,42,7,0,0
1,72,39,38,56,69,8,0,1
0,66,42,54,43,51,7,0,0
0,72,57,31,68,64,7,0,0
1,55,45,62,33,48,8,0,1
0,58,64,55,63,67,7,0,0
1,45,59,67,51,36,7,0,0
0,34,70,57,55,43,7,0,0
0,43,36,48,54,48,7,0,0
1,31,44,48,55,34,8,0,1
1,54,54,45,36,38,8,0,1
1,47,56,67,58,58,6,0,0
1,60,30,56,50,72,7,0,0
1,60,66,60,32,36,8,0,1
3,74,54,44,56,75,8,0,1
0,52,44,52,71,40,8,0,1
0,50,46,61,54,33,6,0,0
0,34,63,53,67,35,6,0,0
0,37,73,48,71,35,8,0,1
1,31,40,75,53,41,8,0,1
0,58,38,58,48,32,6,0,0
2,53,51,70,38,51,8,0,1
0,35,68,65,56,51,8,0,1
1,57,61,43,42,46,7,0,0
2,35,60,42,46,56,6,0,1
0,33,49,56,38,37,7,0,1
0,72,57,52,56,71,7,0,0
0,57,39,63,67,60,8,0,1
0,37,70,32,57,37,8,0,1
1,67,36,48,58,41,8,0,1
1,57,43,46,57,74,7,0,0
2,61,55,75,71,63,6,0,1
2,56,53,54,62,56,8,0,1
0,48,31,69,39,40,6,0,1
2,32,49,32,54,65,6,0,1
1,67,49,66,44,34,7,0,0
1,71,33,34,51,72,8,0,1
2,67,69,47,68,67,7,0,1
0,62,61,63,51,33,8,0,1
0,58,52,40,42,37,6,0,0
0,47,30,55,41,44,7,0,0
1,30,60,57,53,49,8,0,1
0,46,61,37,44,32,8,0,1
0,31,35,36,54,49,7,0,0
0,67,48,64,67,34,6,0,0
0,30,73,61,70,54,8,0,1
1,33,51,56,40,32,8,0,1
1,46,53,66,71,40,6,0,0
1,32,57,30,63,56,7,0,0
0,48,45,37,65,63,8,0,1
0,65,70,66,33,38,6,0,0
1,49,44,72,44,53,6,0,0
0,56,51,56,50,62,7,0,0
0,51,31,59,54,62,7,0,1
0,31,59,50,61,48,7,0,0
0,68,41,38,43,44,8,0,1
2,51,38,33,45,49,8,0,1
1,43,47,43,66,58,8,0,1
0,34,35,30,42,41,8,0,1
2,30,73,44,42,40,7,0,0
0,37,47,72,74,39,7,0,1
1,46,33,52,36,61,8,0,1
1,72,37,44,66,74,7,0,0
1,33,66,65,55,40,6,0,0
3,73,37,70,34,37,6,0,1
1,70,57,59,54,71,8,0,1
0,70,65,36,52,60,6,0,0
0,58,55,72,35,37,7,0,0
0,59,53,60,48,37,8,0,1
0,39,45,41,42,64,8,0,1
1,42,48,56,50,46,8,0,1
0,66,63,51,33,33,8,0,1
0,39,37,33,56,58,8,0,1
0,56,60,72,60,42,6,0,0
0,64,67,34,45,67,8,0,1
1,63,56,52,45,37,6,0,0
1,38,54,51,40,42,7,0,0
0,41,59,73,32,33,7,0,0
0,45,53,35,62,72,8,0,1
1,53,71,34,35,46,8,0,1
0,63,37,40,46,39,6,0,0
0,33,52,58,36,39,6,0,0
2,30,57,56,50,42,8,0,1
0,58,67,62,32,33,6,0,0
1,61,73,54,64,52,7,0,0
1,68,46,73,64,71,8,0,1
1,33,61,36,60,58,8,0,1
0,38,43,75,61,36,8,0,1
0,67,37,73,47,56,6,0,0
0,65,71,71,36,63,6,0,0
0,71,66,52,45,36,7,0,0
0,49,38,51,30,73,8,0,1
0,54,31,50,52,56,7,0,0
0,70,68,38,58,65,7,0,0
0,74,67,73,48,43,6,0,0
0,60,69,35,43,67,8,0,1
1,65,38,61,37,50,7,0,0
1,58,45,39,30,33,7,0,0
1,54,63,68,47,48,7,0,0
2,45,66,38,30,60,8,0,1
0,67,64,35,40,31,7,0,0
0,38,52,46,56,48,8,0,1
1,40,65,44,57,54,8,0,1
3,47,39,58,59,49,8,0,1
0,30,37,64,52,74,8,0,1
0,43,42,45,36,63,7,0,0
1,65,66,34,41,56,8,0,1
0,46,40,61,52,44,7,0,0
0,61,32,55,61,70,8,0,1
1,32,33,48,35,72,6,0,0
0,57,54,47,62,46,6,0,0
0,35,33,70,68,56,7,0,0
1,65,32,70,38,47,7,0,0
0,55,46,55,53,68,7,0,0
1,51,66,66,38,65,7,0,0
1,54,54,50,54,70,7,0,0
1,41,41,50,39,32,7,0,0
0,52,68,32,46,55,8,0,1
0,50,70,60,40,50,9,0,1
